"Дата","Цена","Откр.","Макс.","Мин.","Объём","Изм. %"
"31-12-2023","12.7270","12.7270","12.7270","12.7270","","0.00%"
"29-12-2023","12.7270","12.5704","12.7615","12.5251","","1.25%"
"28-12-2023","12.5704","12.7812","12.8245","12.5700","","-1.65%"
"27-12-2023","12.7812","12.8315","12.8671","12.7747","","-0.39%"
"26-12-2023","12.8315","12.8565","12.8666","12.7891","","-0.19%"
"25-12-2023","12.8565","12.8973","12.9180","12.8449","","-0.32%"
"24-12-2023","12.8973","12.8973","12.8973","12.8973","","0.00%"
"22-12-2023","12.8973","12.9078","12.9381","12.8472","","-0.08%"
"21-12-2023","12.9078","12.7465","12.9543","12.6569","","1.27%"
"20-12-2023","12.7465","12.6709","12.7474","12.6225","","0.60%"
"19-12-2023","12.6709","12.6237","12.6920","12.5579","","0.37%"
"18-12-2023","12.6237","12.6820","12.7147","12.5947","","-0.46%"
"17-12-2023","12.6820","12.6820","12.6820","12.6820","","0.00%"
"15-12-2023","12.6820","12.6404","12.7219","12.5841","","0.33%"
"14-12-2023","12.6404","12.5488","12.6772","12.5252","","0.73%"
"13-12-2023","12.5488","12.5404","12.5541","12.4867","","0.07%"
"12-12-2023","12.5404","12.6380","12.6412","12.5279","","-0.77%"
"11-12-2023","12.6380","12.8239","12.8305","12.6054","","-1.45%"
"10-12-2023","12.8239","12.8239","12.8239","12.8239","","0.00%"
"08-12-2023","12.8239","12.8793","12.9203","12.6957","","-0.43%"
"07-12-2023","12.8793","12.9645","13.0611","12.8762","","-0.66%"
"06-12-2023","12.9645","12.9107","13.0388","12.8443","","0.42%"
"05-12-2023","12.9107","12.7297","12.9567","12.7225","","1.42%"
"04-12-2023","12.7297","12.6623","12.7677","12.6576","","0.53%"
"03-12-2023","12.6623","12.6623","12.6623","12.6623","","0.00%"
"01-12-2023","12.6623","12.5349","12.6683","12.4870","","1.02%"
"30-11-2023","12.5349","12.4177","12.5580","12.3984","","0.94%"
"29-11-2023","12.4177","12.5138","12.5633","12.3976","","-0.77%"
"28-11-2023","12.5138","12.4152","12.5138","12.3775","","0.79%"
"27-11-2023","12.4152","12.3922","12.4460","12.3454","","0.19%"
"26-11-2023","12.3922","12.3922","12.3922","12.3922","","0.00%"
"24-11-2023","12.3922","12.3688","12.4843","12.3481","","0.19%"
"23-11-2023","12.3688","12.3457","12.3845","12.3130","","0.19%"
"22-11-2023","12.3457","12.3106","12.3764","12.2955","","0.29%"
"21-11-2023","12.3106","12.3304","12.3903","12.2827","","-0.16%"
"20-11-2023","12.3304","12.4794","12.5441","12.2793","","-1.19%"
"19-11-2023","12.4794","12.4794","12.4794","12.4794","","0.00%"
"17-11-2023","12.4794","12.3089","12.5278","12.2795","","1.38%"
"16-11-2023","12.3089","12.3444","12.3444","12.2222","","-0.29%"
"15-11-2023","12.3444","12.4901","12.5162","12.2593","","-1.17%"
"14-11-2023","12.4901","12.5691","12.6003","12.4223","","-0.63%"
"13-11-2023","12.5691","12.6613","12.6732","12.5552","","-0.73%"
"12-11-2023","12.6613","12.6613","12.6613","12.6613","","0.00%"
"10-11-2023","12.6613","12.6360","12.6650","12.6120","","0.20%"
"09-11-2023","12.6360","12.6391","12.6522","12.5956","","-0.02%"
"08-11-2023","12.6391","12.6733","12.7058","12.6048","","-0.27%"
"07-11-2023","12.6733","12.7083","12.7683","12.6565","","-0.28%"
"06-11-2023","12.7083","12.6584","12.7263","12.6509","","0.39%"
"05-11-2023","12.6584","12.6584","12.6584","12.6584","","0.00%"
"03-11-2023","12.6584","12.7591","12.8087","12.6359","","-0.79%"
"02-11-2023","12.7591","12.6735","12.7591","12.6626","","0.68%"
"01-11-2023","12.6735","12.7657","12.8050","12.6395","","-0.72%"
"31-10-2023","12.7657","12.6969","12.7932","12.5232","","0.54%"
"30-10-2023","12.6969","12.8633","12.8863","12.6792","","-1.29%"
"29-10-2023","12.8633","12.8633","12.8633","12.8633","","0.00%"
"27-10-2023","12.8633","12.8435","12.9036","12.6445","","0.15%"
"26-10-2023","12.8435","12.7551","12.8860","12.7330","","0.69%"
"25-10-2023","12.7551","12.7770","12.7840","12.6893","","-0.17%"
"24-10-2023","12.7770","12.9068","12.9380","12.7466","","-1.01%"
"23-10-2023","12.9068","13.0284","13.0632","12.8714","","-0.93%"
"22-10-2023","13.0284","13.0284","13.0284","13.0284","","0.00%"
"20-10-2023","13.0284","13.2700","13.2790","13.0131","","-1.82%"
"19-10-2023","13.2700","13.3129","13.3311","13.2361","","-0.32%"
"18-10-2023","13.3129","13.3601","13.3854","13.2740","","-0.35%"
"17-10-2023","13.3601","13.3219","13.3923","13.2867","","0.29%"
"16-10-2023","13.3219","13.3097","13.3653","13.2633","","0.09%"
"15-10-2023","13.3097","13.3097","13.3097","13.3097","","0.00%"
"13-10-2023","13.3097","13.3412","13.4085","13.2692","","-0.24%"
"12-10-2023","13.3412","13.7258","13.7316","13.2415","","-2.80%"
"11-10-2023","13.7258","13.7476","13.7945","13.6473","","-0.16%"
"10-10-2023","13.7476","13.6202","13.8171","13.6102","","0.94%"
"09-10-2023","13.6202","13.7513","14.0261","13.5679","","-0.95%"
"08-10-2023","13.7513","13.7513","13.7513","13.7513","","0.00%"
"06-10-2023","13.7513","13.7513","13.8978","13.6604","","0.00%"
"05-10-2023","13.7513","13.6383","13.7708","13.6241","","0.83%"
"04-10-2023","13.6383","13.6427","13.6753","13.5897","","-0.03%"
"03-10-2023","13.6427","13.6636","13.7045","13.5660","","-0.15%"
"02-10-2023","13.6636","13.4174","13.6866","13.4174","","1.83%"
"01-10-2023","13.4174","13.4174","13.4174","13.4174","","0.00%"
"29-09-2023","13.4174","13.2579","13.4231","13.2579","","1.20%"
"28-09-2023","13.2579","13.2550","13.3177","13.2207","","0.02%"
"27-09-2023","13.2550","13.1821","13.2550","13.1734","","0.55%"
"26-09-2023","13.1821","13.1614","13.1898","13.1350","","0.16%"
"25-09-2023","13.1614","13.1876","13.2101","13.1192","","-0.20%"
"24-09-2023","13.1876","13.1876","13.1876","13.1876","","0.00%"
"22-09-2023","13.1876","13.1243","13.1876","13.1152","","0.48%"
"21-09-2023","13.1243","13.1931","13.2380","13.0604","","-0.52%"
"20-09-2023","13.1931","13.2706","13.2807","13.1931","","-0.58%"
"19-09-2023","13.2706","13.2403","13.2911","13.1429","","0.23%"
"18-09-2023","13.2403","13.3074","13.3268","13.1889","","-0.50%"
"17-09-2023","13.3074","13.3074","13.3074","13.3074","","0.00%"
"15-09-2023","13.3074","13.3746","13.4314","13.2093","","-0.50%"
"14-09-2023","13.3746","13.2342","13.3760","13.1486","","1.06%"
"13-09-2023","13.2342","13.0204","13.2704","12.9891","","1.64%"
"12-09-2023","13.0204","13.0440","13.0609","12.6993","","-0.18%"
"11-09-2023","13.0440","13.3146","13.3647","13.0440","","-2.03%"
"10-09-2023","13.3146","13.3146","13.3146","13.3146","","0.00%"
"08-09-2023","13.3146","13.4048","13.4200","13.3047","","-0.67%"
"07-09-2023","13.4048","13.4098","13.4498","13.3012","","-0.04%"
"06-09-2023","13.4098","13.4033","13.4538","13.3334","","0.05%"
"05-09-2023","13.4033","13.3189","13.4054","13.2810","","0.63%"
"04-09-2023","13.3189","13.2326","13.3294","13.2095","","0.65%"
"03-09-2023","13.2326","13.2326","13.2326","13.2326","","0.00%"
"01-09-2023","13.2326","13.2287","13.3261","13.2154","","0.03%"
"31-08-2023","13.2287","13.2076","13.2584","13.1658","","0.16%"
"30-08-2023","13.2076","13.1110","13.2097","13.0925","","0.74%"
"29-08-2023","13.1110","13.0733","13.1960","13.0718","","0.29%"
"28-08-2023","13.0733","13.0888","13.1504","13.0390","","-0.12%"
"27-08-2023","13.0888","13.0888","13.0888","13.0888","","0.00%"
"25-08-2023","13.0888","13.0323","13.1040","12.9695","","0.43%"
"24-08-2023","13.0323","12.9504","13.0326","12.9371","","0.63%"
"23-08-2023","12.9504","12.9283","13.0213","12.8897","","0.17%"
"22-08-2023","12.9283","12.9932","13.0720","12.8586","","-0.50%"
"21-08-2023","12.9932","12.8754","13.1061","12.7472","","0.91%"
"20-08-2023","12.8754","12.8756","12.8765","12.8754","","0.00%"
"18-08-2023","12.8756","12.8784","12.8996","12.7155","","-0.02%"
"17-08-2023","12.8784","12.9714","13.1459","12.6740","","-0.72%"
"16-08-2023","12.9712","13.3320","13.4186","12.9331","","-2.71%"
"15-08-2023","13.3320","13.4547","13.6155","13.0765","","-0.91%"
"14-08-2023","13.4545","13.8055","14.0177","13.4016","","-2.54%"
"13-08-2023","13.8055","13.7389","13.8055","13.7389","","0.48%"
"11-08-2023","13.7389","13.5065","13.7986","13.4805","","1.72%"
"10-08-2023","13.5065","13.4826","13.5903","13.4147","","0.18%"
"09-08-2023","13.4824","13.4549","13.6034","13.4270","","0.20%"
"08-08-2023","13.4549","13.2450","13.5239","13.2236","","1.58%"
"07-08-2023","13.2451","13.3992","13.5328","13.2354","","-1.15%"
"06-08-2023","13.3992","13.3437","13.3992","13.3437","","0.42%"
"04-08-2023","13.3437","13.2594","13.4223","13.1172","","0.64%"
"03-08-2023","13.2594","13.0938","13.3205","12.9928","","1.26%"
"02-08-2023","13.0938","12.8638","13.1418","12.8090","","1.79%"
"01-08-2023","12.8638","12.8922","12.9457","12.7636","","-0.22%"
"31-07-2023","12.8922","12.8935","12.9982","12.7552","","-0.01%"
"30-07-2023","12.8935","12.8282","12.8935","12.8282","","0.51%"
"28-07-2023","12.8282","12.6282","12.8395","12.6271","","1.58%"
"27-07-2023","12.6282","12.6073","12.6608","12.5766","","0.17%"
"26-07-2023","12.6073","12.6296","12.6444","12.5744","","-0.18%"
"25-07-2023","12.6296","12.5938","12.6719","12.5794","","0.28%"
"24-07-2023","12.5938","12.6492","12.6650","12.5343","","-0.44%"
"23-07-2023","12.6492","12.6492","12.6492","12.6492","","0.00%"
"21-07-2023","12.6492","12.5711","12.6645","12.5388","","0.62%"
"20-07-2023","12.5711","12.6467","12.7460","12.5711","","-0.60%"
"19-07-2023","12.6467","12.6596","12.6702","12.5877","","-0.10%"
"18-07-2023","12.6596","12.6889","12.7075","12.6155","","-0.23%"
"17-07-2023","12.6889","12.6111","12.6990","12.5629","","0.62%"
"16-07-2023","12.6111","12.6115","12.6115","12.6111","","0.00%"
"14-07-2023","12.6115","12.6014","12.6596","12.5873","","0.08%"
"13-07-2023","12.6014","12.6805","12.7304","12.5370","","-0.62%"
"12-07-2023","12.6805","12.5354","12.6809","12.5292","","1.16%"
"11-07-2023","12.5354","12.5028","12.6346","12.4735","","0.26%"
"10-07-2023","12.5028","12.6364","12.7039","12.4879","","-1.06%"
"09-07-2023","12.6364","12.6364","12.6364","12.6364","","0.00%"
"07-07-2023","12.6364","12.7303","12.7453","12.5788","","-0.74%"
"06-07-2023","12.7303","12.5561","12.9366","12.5149","","1.39%"
"05-07-2023","12.5561","12.3612","12.5793","12.3260","","1.58%"
"04-07-2023","12.3612","12.2500","12.4896","12.2110","","0.91%"
"03-07-2023","12.2500","12.3478","12.3774","12.1963","","-0.79%"
"02-07-2023","12.3478","12.3458","12.3478","12.3458","","0.02%"
"30-06-2023","12.3458","12.0740","12.3642","12.0532","","2.25%"
"29-06-2023","12.0740","11.9225","12.0972","11.8820","","1.27%"
"28-06-2023","11.9225","11.7808","11.9291","11.7468","","1.20%"
"27-06-2023","11.7808","11.7563","11.8247","11.7142","","0.21%"
"26-06-2023","11.7563","11.7975","12.0152","11.6464","","-0.35%"
"25-06-2023","11.7975","11.7968","11.7975","11.7968","","0.01%"
"23-06-2023","11.7968","11.7069","11.8153","11.6507","","0.77%"
"22-06-2023","11.7069","11.6972","11.7150","11.6231","","0.08%"
"21-06-2023","11.6972","11.8055","11.8089","11.6593","","-0.92%"
"20-06-2023","11.8055","11.7493","11.8060","11.7120","","0.48%"
"19-06-2023","11.7493","11.8061","11.8230","11.7003","","-0.48%"
"18-06-2023","11.8061","11.8066","11.8066","11.8061","","0.00%"
"16-06-2023","11.8066","11.7610","11.8233","11.7280","","0.39%"
"15-06-2023","11.7610","11.7490","11.8135","11.6396","","0.10%"
"14-06-2023","11.7490","11.7614","11.8617","11.7082","","-0.11%"
"13-06-2023","11.7614","11.5645","11.7769","11.5303","","1.70%"
"12-06-2023","11.5645","11.5920","11.5920","11.5614","","-0.24%"
"11-06-2023","11.5920","11.5920","11.5920","11.5920","","0.00%"
"09-06-2023","11.5920","11.6133","11.6595","11.5412","","-0.18%"
"08-06-2023","11.6133","11.4982","11.6317","11.4732","","1.00%"
"07-06-2023","11.4982","11.4333","11.5041","11.4161","","0.57%"
"06-06-2023","11.4333","11.3921","11.4679","11.3747","","0.36%"
"05-06-2023","11.3921","11.5035","11.5245","11.3547","","-0.97%"
"04-06-2023","11.5035","11.5033","11.5035","11.5033","","0.00%"
"02-06-2023","11.5033","11.3831","11.5167","11.3706","","1.06%"
"01-06-2023","11.3831","11.4039","11.4313","11.3337","","-0.18%"
"31-05-2023","11.4039","11.4619","11.4619","11.3685","","-0.51%"
"30-05-2023","11.4619","11.4275","11.4659","11.3055","","0.30%"
"29-05-2023","11.4275","11.3324","11.4351","11.2940","","0.84%"
"28-05-2023","11.3324","11.3324","11.3324","11.3324","","0.00%"
"26-05-2023","11.3324","11.3249","11.3686","11.3179","","0.07%"
"25-05-2023","11.3249","11.3509","11.3597","11.2845","","-0.23%"
"24-05-2023","11.3509","11.3547","11.3869","11.3286","","-0.03%"
"23-05-2023","11.3547","11.3947","11.4169","11.3140","","-0.35%"
"22-05-2023","11.3947","11.4157","11.4157","11.3492","","-0.18%"
"21-05-2023","11.4157","11.4162","11.4162","11.4157","","0.00%"
"19-05-2023","11.4162","11.4016","11.4374","11.3427","","0.13%"
"18-05-2023","11.4016","11.4112","11.4784","11.3095","","-0.08%"
"17-05-2023","11.4112","11.5219","11.5850","11.4005","","-0.96%"
"16-05-2023","11.5219","11.3846","11.5420","11.3717","","1.21%"
"15-05-2023","11.3846","11.1981","11.4336","11.1841","","1.67%"
"14-05-2023","11.1981","11.1983","11.1983","11.1981","","0.00%"
"12-05-2023","11.1983","11.0668","11.2154","10.9812","","1.19%"
"11-05-2023","11.0668","10.9699","11.1293","10.8438","","0.88%"
"10-05-2023","10.9699","11.2980","11.2983","10.9593","","-2.90%"
"09-05-2023","11.2980","11.3110","11.3110","11.2844","","-0.12%"
"08-05-2023","11.3110","11.1975","11.3444","11.0860","","1.01%"
"07-05-2023","11.1975","11.1973","11.1975","11.1973","","0.00%"
"05-05-2023","11.1973","11.3006","11.3178","11.0472","","-0.91%"
"04-05-2023","11.3006","11.4589","11.5111","11.2398","","-1.38%"
"03-05-2023","11.4589","11.5189","11.5741","11.4188","","-0.52%"
"02-05-2023","11.5189","11.6101","11.6582","11.5151","","-0.79%"
"01-05-2023","11.6101","11.6101","11.6101","11.6101","","0.00%"
"30-04-2023","11.6101","11.6099","11.6101","11.6099","","0.00%"
"28-04-2023","11.6099","11.7468","11.8029","11.4299","","-1.17%"
"27-04-2023","11.7468","11.7829","11.8509","11.7199","","-0.31%"
"26-04-2023","11.7829","11.7728","11.8038","11.7666","","0.09%"
"25-04-2023","11.7728","11.7931","11.8098","11.7518","","-0.17%"
"24-04-2023","11.7931","11.8517","11.8552","11.7331","","-0.49%"
"23-04-2023","11.8517","11.8516","11.8517","11.8516","","0.00%"
"21-04-2023","11.8516","11.8658","11.8700","11.7974","","-0.12%"
"20-04-2023","11.8658","11.8932","11.8932","11.8272","","-0.23%"
"19-04-2023","11.8932","11.8455","11.8937","11.8254","","0.40%"
"18-04-2023","11.8455","11.8321","11.9127","11.8242","","0.11%"
"17-04-2023","11.8321","11.9030","11.9640","11.8158","","-0.60%"
"16-04-2023","11.9030","11.9028","11.9030","11.9028","","0.00%"
"14-04-2023","11.9028","11.8507","11.9210","11.8491","","0.44%"
"13-04-2023","11.8507","11.9203","11.9394","11.8336","","-0.58%"
"12-04-2023","11.9203","11.9014","11.9718","11.8967","","0.16%"
"11-04-2023","11.9014","11.8587","11.9880","11.8427","","0.36%"
"10-04-2023","11.8587","11.8084","11.9418","11.7690","","0.43%"
"09-04-2023","11.8084","11.8077","11.8084","11.8077","","0.01%"
"07-04-2023","11.8077","11.8348","12.1490","11.7606","","-0.23%"
"06-04-2023","11.8348","11.6048","11.8374","11.5903","","1.98%"
"05-04-2023","11.6048","11.5585","11.6077","11.5144","","0.40%"
"04-04-2023","11.5585","11.4476","11.5664","11.4375","","0.97%"
"03-04-2023","11.4476","11.2968","11.4612","11.2274","","1.34%"
"02-04-2023","11.2968","11.2971","11.2971","11.2968","","0.00%"
"31-03-2023","11.2971","11.2167","11.3370","11.2149","","0.72%"
"30-03-2023","11.2167","11.2028","11.2389","11.1694","","0.12%"
"29-03-2023","11.2028","11.1866","11.2088","11.1359","","0.15%"
"28-03-2023","11.1866","11.1369","11.2000","11.0919","","0.45%"
"27-03-2023","11.1369","11.2223","11.2258","11.1073","","-0.76%"
"26-03-2023","11.2223","11.2223","11.2223","11.2223","","0.00%"
"24-03-2023","11.2222","11.1439","11.2251","11.0934","","0.70%"
"23-03-2023","11.1439","11.1991","11.2716","11.0929","","-0.49%"
"22-03-2023","11.1991","11.1352","11.1991","11.1277","","0.57%"
"21-03-2023","11.1352","11.2187","11.2346","11.1352","","-0.74%"
"20-03-2023","11.2187","11.1889","11.2810","11.1285","","0.27%"
"19-03-2023","11.1889","11.1889","11.1889","11.1889","","0.00%"
"17-03-2023","11.1890","11.0749","11.2047","11.0745","","1.03%"
"16-03-2023","11.0749","11.0013","11.1804","10.9954","","0.67%"
"15-03-2023","11.0013","10.9612","11.0382","10.9223","","0.37%"
"14-03-2023","10.9612","10.9558","10.9869","10.9049","","0.05%"
"13-03-2023","10.9558","11.0191","11.0801","10.8854","","-0.57%"
"12-03-2023","11.0191","11.0191","11.0191","11.0191","","0.00%"
"10-03-2023","11.0189","10.8899","11.0249","10.8796","","1.18%"
"09-03-2023","10.8899","10.9358","10.9369","10.8611","","-0.42%"
"08-03-2023","10.9358","10.9190","10.9432","10.8957","","0.15%"
"07-03-2023","10.9190","10.8861","10.9307","10.8422","","0.30%"
"06-03-2023","10.8861","10.9489","10.9701","10.8572","","-0.57%"
"05-03-2023","10.9489","10.9495","10.9495","10.9489","","-0.01%"
"03-03-2023","10.9495","10.8914","10.9665","10.8914","","0.53%"
"02-03-2023","10.8914","10.9403","10.9666","10.8703","","-0.45%"
"01-03-2023","10.9403","10.8129","10.9668","10.8129","","1.18%"
"28-02-2023","10.8129","10.7419","10.8462","10.6668","","0.66%"
"27-02-2023","10.7419","10.9444","10.9625","10.7268","","-1.85%"
"26-02-2023","10.9444","10.9442","10.9444","10.9442","","0.00%"
"24-02-2023","10.9442","10.8568","10.9952","10.8194","","0.80%"
"23-02-2023","10.8568","10.8817","10.9010","10.8568","","-0.23%"
"22-02-2023","10.8817","10.9184","10.9184","10.7912","","-0.34%"
"21-02-2023","10.9184","10.8678","10.9310","10.8297","","0.47%"
"20-02-2023","10.8678","10.8175","10.9242","10.7335","","0.47%"
"19-02-2023","10.8175","10.8173","10.8175","10.8173","","0.00%"
"17-02-2023","10.8173","10.9107","10.9453","10.7528","","-0.86%"
"16-02-2023","10.9107","10.8817","10.9326","10.8698","","0.27%"
"15-02-2023","10.8817","10.8102","10.9024","10.7764","","0.66%"
"14-02-2023","10.8102","10.8202","10.8583","10.7257","","-0.09%"
"13-02-2023","10.8202","10.7777","10.8261","10.7202","","0.39%"
"12-02-2023","10.7777","10.7776","10.7777","10.7776","","0.00%"
"10-02-2023","10.7776","10.7659","10.7873","10.6638","","0.11%"
"09-02-2023","10.7659","10.6496","10.8104","10.6452","","1.09%"
"08-02-2023","10.6496","10.4745","10.6541","10.4604","","1.67%"
"07-02-2023","10.4745","10.4415","10.4960","10.4193","","0.32%"
"06-02-2023","10.4415","10.4202","10.4720","10.3886","","0.20%"
"05-02-2023","10.4202","10.4205","10.4205","10.4202","","0.00%"
"03-02-2023","10.4205","10.4649","10.4747","10.3941","","-0.42%"
"02-02-2023","10.4649","10.4123","10.4669","10.3964","","0.51%"
"01-02-2023","10.4123","10.3365","10.4357","10.3360","","0.73%"
"31-01-2023","10.3365","10.4322","10.4760","10.3349","","-0.92%"
"30-01-2023","10.4322","10.2397","10.4322","10.2380","","1.88%"
"29-01-2023","10.2397","10.2396","10.2397","10.2396","","0.00%"
"27-01-2023","10.2396","10.2108","10.2486","10.2023","","0.28%"
"26-01-2023","10.2108","10.2161","10.2751","10.1473","","-0.05%"
"25-01-2023","10.2161","10.1702","10.2161","10.1391","","0.45%"
"24-01-2023","10.1702","10.1592","10.1925","10.1211","","0.11%"
"23-01-2023","10.1592","10.1465","10.1612","10.0953","","0.13%"
"22-01-2023","10.1465","10.1462","10.1465","10.1462","","0.00%"
"20-01-2023","10.1462","10.1521","10.1651","10.1145","","-0.06%"
"19-01-2023","10.1521","10.1877","10.2046","10.1286","","-0.35%"
"18-01-2023","10.1877","10.2083","10.2817","10.1624","","-0.20%"
"17-01-2023","10.2083","10.1625","10.2383","10.0946","","0.45%"
"16-01-2023","10.1625","10.2623","10.3175","10.0919","","-0.97%"
"15-01-2023","10.2623","10.2622","10.2623","10.2622","","0.00%"
"13-01-2023","10.2622","10.0548","10.2623","9.9993","","2.06%"
"12-01-2023","10.0548","10.1518","10.2039","10.0029","","-0.95%"
"11-01-2023","10.1518","10.2973","10.3865","10.0869","","-1.41%"
"10-01-2023","10.2973","10.3344","10.3626","10.2214","","-0.36%"
"09-01-2023","10.3344","10.5467","10.6357","10.2286","","-2.01%"
"08-01-2023","10.5467","10.5465","10.5467","10.5465","","0.00%"
"06-01-2023","10.5465","10.4878","10.5728","10.4283","","0.56%"
"05-01-2023","10.4873","10.4514","10.4981","10.3434","","0.34%"
"04-01-2023","10.4517","10.2873","10.4695","10.2873","","1.60%"
"03-01-2023","10.2873","10.1325","10.3434","10.0961","","1.53%"
"02-01-2023","10.1325","10.1335","10.1335","10.1325","","-0.01%"
"01-01-2023","10.1335","10.1329","10.1335","10.1329","","0.01%"
"30-12-2022","10.1329","10.3639","10.4324","9.9577","","-2.23%"
"29-12-2022","10.3639","10.3443","10.4602","10.1957","","0.19%"
"28-12-2022","10.3443","10.1148","10.3500","10.0906","","2.27%"
"27-12-2022","10.1148","9.9523","10.2505","9.8123","","1.63%"
"26-12-2022","9.9523","10.0433","10.0761","9.7675","","-0.91%"
"25-12-2022","10.0433","10.0439","10.0439","10.0433","","-0.01%"
"23-12-2022","10.0439","9.8719","10.0565","9.6653","","1.74%"
"22-12-2022","9.8719","10.1683","10.3866","9.8280","","-2.92%"
"21-12-2022","10.1683","9.8931","10.1689","9.8808","","2.78%"
"20-12-2022","9.8931","9.7026","9.9435","9.6212","","1.96%"
"19-12-2022","9.7026","9.2712","9.8001","9.2571","","4.65%"
"18-12-2022","9.2712","9.2711","9.2712","9.2711","","0.00%"
"16-12-2022","9.2711","9.2285","9.2916","9.2163","","0.46%"
"15-12-2022","9.2285","9.2067","9.3277","9.1581","","0.24%"
"14-12-2022","9.2067","9.0505","9.2286","9.0258","","1.73%"
"13-12-2022","9.0505","9.0004","9.0773","8.9899","","0.56%"
"12-12-2022","9.0004","8.9728","9.0377","8.9340","","0.31%"
"11-12-2022","8.9728","8.9727","8.9728","8.9727","","0.00%"
"09-12-2022","8.9727","9.0095","9.0383","8.9533","","-0.41%"
"08-12-2022","9.0095","8.9982","9.0425","8.9383","","0.12%"
"07-12-2022","8.9982","9.0173","9.0690","8.9861","","-0.21%"
"06-12-2022","9.0173","8.9558","9.0675","8.9297","","0.69%"
"05-12-2022","8.9558","8.8274","8.9929","8.8274","","1.45%"
"04-12-2022","8.8274","8.8261","8.8274","8.8261","","0.01%"
"02-12-2022","8.8261","8.7285","8.8308","8.7024","","1.12%"
"01-12-2022","8.7285","8.6155","8.7294","8.5992","","1.31%"
"30-11-2022","8.6155","8.5217","8.6155","8.5055","","1.10%"
"29-11-2022","8.5217","8.4937","8.5689","8.4772","","0.33%"
"28-11-2022","8.4937","8.4331","8.4962","8.3652","","0.72%"
"27-11-2022","8.4331","8.4319","8.4331","8.4319","","0.01%"
"25-11-2022","8.4319","8.4835","8.4848","8.4262","","-0.61%"
"24-11-2022","8.4835","8.4691","8.5225","8.4366","","0.17%"
"23-11-2022","8.4691","8.4986","8.4990","8.4187","","-0.35%"
"22-11-2022","8.4986","8.4923","8.5329","8.4619","","0.07%"
"21-11-2022","8.4923","8.4836","8.5104","8.4256","","0.10%"
"20-11-2022","8.4836","8.4837","8.4837","8.4836","","0.00%"
"18-11-2022","8.4837","8.4570","8.5276","8.4570","","0.32%"
"17-11-2022","8.4570","8.5134","8.5139","8.4316","","-0.66%"
"16-11-2022","8.5134","8.5741","8.5743","8.4735","","-0.71%"
"15-11-2022","8.5741","8.5595","8.6119","8.5369","","0.17%"
"14-11-2022","8.5595","8.5166","8.6161","8.5165","","0.50%"
"13-11-2022","8.5166","8.5165","8.5166","8.5165","","0.00%"
"11-11-2022","8.5165","8.4222","8.5165","8.4180","","1.12%"
"10-11-2022","8.4222","8.4660","8.5179","8.3261","","-0.52%"
"09-11-2022","8.4660","8.4136","8.4742","8.3931","","0.62%"
"08-11-2022","8.4136","8.4373","8.4560","8.3750","","-0.28%"
"07-11-2022","8.4373","8.6429","8.6429","8.4291","","-2.38%"
"06-11-2022","8.6429","8.6429","8.6429","8.6429","","0.00%"
"04-11-2022","8.6429","8.5048","8.6496","8.4966","","1.62%"
"03-11-2022","8.5048","8.4777","8.5281","8.4544","","0.32%"
"02-11-2022","8.4777","8.4145","8.4846","8.4038","","0.75%"
"01-11-2022","8.4145","8.4182","8.4715","8.3903","","-0.04%"
"31-10-2022","8.4182","8.4826","8.4949","8.3951","","-0.76%"
"30-10-2022","8.4826","8.4826","8.4826","8.4826","","0.00%"
"28-10-2022","8.4826","8.5386","8.5510","8.4505","","-0.66%"
"27-10-2022","8.5386","8.6087","8.6119","8.4620","","-0.81%"
"26-10-2022","8.6087","8.4173","8.6087","8.4173","","2.27%"
"25-10-2022","8.4173","8.4242","8.4310","8.3714","","-0.08%"
"24-10-2022","8.4242","8.4610","8.4906","8.3874","","-0.44%"
"23-10-2022","8.4610","8.4610","8.4610","8.4610","","0.00%"
"21-10-2022","8.4610","8.5079","8.5141","8.3899","","-0.55%"
"20-10-2022","8.5079","8.5401","8.5692","8.4662","","-0.38%"
"19-10-2022","8.5401","8.5496","8.5713","8.4784","","-0.11%"
"18-10-2022","8.5496","8.5667","8.6608","8.5395","","-0.20%"
"17-10-2022","8.5667","8.6368","8.6896","8.5281","","-0.81%"
"16-10-2022","8.6368","8.6368","8.6368","8.6368","","0.00%"
"14-10-2022","8.6368","8.8737","8.8853","8.5815","","-2.67%"
"13-10-2022","8.8737","8.9783","8.9875","8.7552","","-1.16%"
"12-10-2022","8.9783","8.8844","9.0570","8.8205","","1.06%"
"11-10-2022","8.8844","8.7622","8.9909","8.7135","","1.39%"
"10-10-2022","8.7623","8.5726","8.8273","8.5722","","2.21%"
"09-10-2022","8.5726","8.5726","8.5726","8.5726","","0.00%"
"07-10-2022","8.5726","8.5585","8.6644","8.4879","","0.16%"
"06-10-2022","8.5585","8.4559","8.5662","8.3866","","1.21%"
"05-10-2022","8.4559","8.2841","8.4852","8.1101","","2.07%"
"04-10-2022","8.2841","8.2715","8.3470","8.2069","","0.15%"
"03-10-2022","8.2715","8.2139","8.3781","7.9975","","0.70%"
"02-10-2022","8.2139","8.2139","8.2139","8.2139","","0.00%"
"30-09-2022","8.2139","8.0295","8.2349","7.4908","","2.30%"
"29-09-2022","8.0295","7.9911","8.1094","7.9342","","0.48%"
"28-09-2022","7.9911","8.1441","8.1527","7.9615","","-1.88%"
"27-09-2022","8.1441","8.1683","8.2256","8.0904","","-0.30%"
"26-09-2022","8.1683","8.1252","8.2238","7.9978","","0.53%"
"25-09-2022","8.1252","8.1252","8.1252","8.1252","","0.00%"
"23-09-2022","8.1252","8.3130","8.4703","7.9639","","-2.26%"
"22-09-2022","8.3130","8.6097","8.6314","8.2858","","-3.45%"
"21-09-2022","8.6097","8.6346","8.8736","8.5523","","-0.29%"
"20-09-2022","8.6346","8.5861","8.6346","8.5424","","0.56%"
"19-09-2022","8.5861","8.6354","8.6438","8.5498","","-0.57%"
"18-09-2022","8.6354","8.6307","8.6354","8.6306","","0.05%"
"16-09-2022","8.6307","8.5496","8.6311","8.5201","","0.95%"
"15-09-2022","8.5496","8.6017","8.6446","8.5156","","-0.61%"
"14-09-2022","8.6017","8.6497","8.6498","8.5584","","-0.55%"
"13-09-2022","8.6497","8.6970","8.7432","8.6143","","-0.54%"
"12-09-2022","8.6970","8.7490","8.7695","8.6845","","-0.59%"
"11-09-2022","8.7490","8.7490","8.7490","8.7489","","0.00%"
"09-09-2022","8.7490","8.7286","8.7624","8.7065","","0.23%"
"08-09-2022","8.7286","8.7263","8.7825","8.7088","","0.03%"
"07-09-2022","8.7263","8.8056","8.8235","8.7249","","-0.90%"
"06-09-2022","8.8056","8.7784","8.8056","8.7111","","0.31%"
"05-09-2022","8.7784","8.7797","8.8579","8.7010","","-0.02%"
"04-09-2022","8.7797","8.7797","8.7797","8.7797","","0.00%"
"02-09-2022","8.7797","8.7317","8.8179","8.7178","","0.55%"
"01-09-2022","8.7317","8.7411","8.7635","8.6926","","-0.11%"
"31-08-2022","8.7411","8.6720","8.8026","8.6531","","0.80%"
"30-08-2022","8.6720","8.7431","8.7770","8.6599","","-0.81%"
"29-08-2022","8.7431","8.8041","8.8041","8.6963","","-0.69%"
"28-08-2022","8.8041","8.8041","8.8041","8.8041","","0.00%"
"26-08-2022","8.8041","8.7812","8.8041","8.7137","","0.26%"
"25-08-2022","8.7812","8.7305","8.7886","8.6935","","0.58%"
"24-08-2022","8.7305","8.7621","8.7621","8.7037","","-0.36%"
"23-08-2022","8.7621","8.7415","8.7959","8.7003","","0.24%"
"22-08-2022","8.7415","8.6699","8.7986","8.6410","","0.83%"
"21-08-2022","8.6699","8.6694","8.6699","8.6694","","0.01%"
"19-08-2022","8.6694","8.7727","8.7727","8.5528","","-1.18%"
"18-08-2022","8.7727","8.9589","8.9640","8.6830","","-2.08%"
"17-08-2022","8.9589","8.9712","9.0265","8.8614","","-0.14%"
"16-08-2022","8.9712","9.0389","9.0664","8.9278","","-0.75%"
"15-08-2022","9.0389","8.9881","9.1122","8.9582","","0.57%"
"14-08-2022","8.9881","8.9880","8.9881","8.9880","","0.00%"
"12-08-2022","8.9880","8.9953","9.0591","8.9377","","-0.08%"
"11-08-2022","8.9953","9.0224","9.0224","8.9851","","-0.30%"
"10-08-2022","9.0224","8.9072","9.0257","8.8983","","1.29%"
"09-08-2022","8.9072","8.9995","8.9997","8.8997","","-1.03%"
"08-08-2022","8.9995","8.9590","9.0172","8.8626","","0.45%"
"07-08-2022","8.9590","8.9586","8.9592","8.9586","","0.00%"
"05-08-2022","8.9586","8.9417","8.9775","8.9047","","0.19%"
"04-08-2022","8.9417","8.9642","9.0053","8.8886","","-0.25%"
"03-08-2022","8.9642","8.9289","8.9856","8.8695","","0.40%"
"02-08-2022","8.9289","8.8893","8.9480","8.8051","","0.45%"
"01-08-2022","8.8893","9.1367","9.2773","8.7798","","-2.71%"
"31-07-2022","9.1367","9.1367","9.1367","9.1367","","0.00%"
"29-07-2022","9.1367","9.0140","9.2398","8.9991","","1.36%"
"28-07-2022","9.0140","8.8600","9.0752","8.7988","","1.74%"
"27-07-2022","8.8600","8.9527","9.0181","8.7597","","-1.04%"
"26-07-2022","8.9527","8.6076","9.0182","8.5997","","4.01%"
"25-07-2022","8.6076","8.4855","8.6272","8.4559","","1.44%"
"24-07-2022","8.4855","8.4858","8.4858","8.4855","","0.00%"
"22-07-2022","8.4858","8.3716","8.6711","8.3614","","1.36%"
"21-07-2022","8.3716","8.1440","8.6827","8.0982","","2.80%"
"20-07-2022","8.1440","8.2216","8.2255","8.0858","","-0.94%"
"19-07-2022","8.2216","8.3550","8.3563","8.1403","","-1.60%"
"18-07-2022","8.3550","8.4595","8.4764","8.3528","","-1.24%"
"17-07-2022","8.4595","8.4596","8.4596","8.4595","","0.00%"
"15-07-2022","8.4596","8.6291","8.7001","8.3945","","-1.96%"
"14-07-2022","8.6291","8.6728","8.6945","8.5646","","-0.50%"
"13-07-2022","8.6728","8.7646","8.7997","8.6155","","-1.05%"
"12-07-2022","8.7646","8.7671","8.8317","8.5066","","-0.03%"
"11-07-2022","8.7671","9.0989","9.2140","8.7521","","-3.65%"
"10-07-2022","9.0989","9.0991","9.0991","9.0989","","0.00%"
"08-07-2022","9.0991","9.2435","9.2515","9.0792","","-1.56%"
"07-07-2022","9.2435","9.4439","9.5659","9.1977","","-2.12%"
"06-07-2022","9.4439","9.0998","9.6272","9.0997","","3.78%"
"05-07-2022","9.0998","8.2447","9.2679","8.2443","","10.37%"
"04-07-2022","8.2447","8.1325","8.3982","8.1321","","1.38%"
"03-07-2022","8.1325","8.1331","8.1331","8.1325","","-0.01%"
"01-07-2022","8.1331","7.6800","8.3176","7.6614","","5.90%"
"30-06-2022","7.6800","7.9449","7.9867","7.6611","","-3.33%"
"29-06-2022","7.9449","7.7218","7.9570","7.4754","","2.89%"
"28-06-2022","7.7218","7.9777","7.9975","7.7043","","-3.21%"
"27-06-2022","7.9777","7.9823","8.1344","7.9388","","-0.06%"
"26-06-2022","7.9823","7.9823","7.9823","7.9823","","0.00%"
"24-06-2022","7.9823","7.9819","8.0236","7.9299","","0.01%"
"23-06-2022","7.9819","7.9304","8.0245","7.8943","","0.65%"
"22-06-2022","7.9304","8.0387","8.0388","7.8685","","-1.35%"
"21-06-2022","8.0387","8.3123","8.3333","8.0387","","-3.29%"
"20-06-2022","8.3123","8.3985","8.5016","8.2951","","-1.03%"
"19-06-2022","8.3985","8.3985","8.3985","8.3985","","0.00%"
"17-06-2022","8.3985","8.4268","8.5110","8.3648","","-0.34%"
"16-06-2022","8.4269","8.4846","8.5289","8.4102","","-0.68%"
"15-06-2022","8.4846","8.3964","8.5137","8.3903","","1.05%"
"14-06-2022","8.3964","8.4091","8.6585","8.2785","","-0.15%"
"13-06-2022","8.4091","8.4664","8.4667","8.4034","","-0.68%"
"12-06-2022","8.4664","8.4664","8.4664","8.4664","","0.00%"
"10-06-2022","8.4664","8.8684","8.9013","8.4073","","-4.53%"
"09-06-2022","8.8684","8.8873","8.9344","8.6067","","-0.21%"
"08-06-2022","8.8873","9.1508","9.1614","8.8341","","-2.88%"
"07-06-2022","9.1508","9.1702","9.2243","9.0496","","-0.21%"
"06-06-2022","9.1702","9.1512","9.2974","9.1012","","0.21%"
"05-06-2022","9.1512","9.1512","9.1512","9.1512","","0.00%"
"03-06-2022","9.1512","9.2563","9.3785","9.0589","","-1.14%"
"02-06-2022","9.2563","9.1651","9.2792","9.1331","","1.00%"
"01-06-2022","9.1651","9.2167","9.2925","9.1301","","-0.56%"
"31-05-2022","9.2167","9.3450","9.4933","9.1041","","-1.37%"
"30-05-2022","9.3450","9.9573","10.0361","9.1698","","-6.15%"
"29-05-2022","9.9573","9.9573","9.9573","9.9573","","0.00%"
"27-05-2022","9.9573","9.6841","10.0489","9.6716","","2.82%"
"26-05-2022","9.6841","8.8648","9.7449","8.7909","","9.24%"
"25-05-2022","8.8648","8.5362","8.9638","8.3661","","3.85%"
"24-05-2022","8.5362","8.7008","8.7015","8.4403","","-1.89%"
"23-05-2022","8.7008","8.9993","9.0532","8.6014","","-3.32%"
"22-05-2022","8.9993","8.9993","8.9993","8.9993","","0.00%"
"20-05-2022","8.9993","9.2215","9.2672","8.5695","","-2.41%"
"19-05-2022","9.2215","9.3930","9.3963","9.1258","","-1.83%"
"18-05-2022","9.3930","9.4394","9.4755","9.3411","","-0.49%"
"17-05-2022","9.4394","9.3425","9.5065","9.3425","","1.04%"
"16-05-2022","9.3425","9.5073","9.5174","9.2444","","-1.73%"
"15-05-2022","9.5073","9.5073","9.5073","9.5073","","0.00%"
"13-05-2022","9.5073","9.3267","9.6320","9.2521","","1.94%"
"12-05-2022","9.3267","9.9975","9.9979","9.3126","","-6.71%"
"11-05-2022","9.9975","10.3052","10.4431","9.8970","","-2.99%"
"10-05-2022","10.3052","10.3112","10.3717","10.2970","","-0.06%"
"09-05-2022","10.3112","10.4105","10.4105","10.3109","","-0.95%"
"08-05-2022","10.4105","10.4106","10.4106","10.4105","","0.00%"
"06-05-2022","10.4106","10.0667","10.5019","9.8928","","3.42%"
"05-05-2022","10.0667","10.0325","10.1618","9.9676","","0.34%"
"04-05-2022","10.0325","10.7378","10.7382","10.0324","","-6.57%"
"03-05-2022","10.7378","10.7377","10.7388","10.7370","","0.00%"
"02-05-2022","10.7377","10.7377","10.7388","10.7375","","0.00%"
"01-05-2022","10.7377","10.7377","10.7377","10.7377","","0.00%"
"29-04-2022","10.7377","10.8779","10.9656","10.6621","","-1.29%"
"28-04-2022","10.8779","11.0937","11.0937","10.8255","","-1.95%"
"27-04-2022","11.0937","11.2127","11.2279","11.0727","","-1.06%"
"26-04-2022","11.2127","11.1481","11.2146","11.0447","","0.58%"
"25-04-2022","11.1481","11.6054","11.6054","11.1127","","-3.94%"
"24-04-2022","11.6054","11.6047","11.6054","11.6047","","0.01%"
"22-04-2022","11.6047","11.5940","11.6688","11.1959","","0.09%"
"21-04-2022","11.5940","11.9037","11.9223","11.3875","","-2.60%"
"20-04-2022","11.9037","12.2804","12.2810","11.6999","","-3.07%"
"19-04-2022","12.2804","12.5251","12.5253","12.2039","","-1.95%"
"18-04-2022","12.5251","12.5557","12.6080","12.3770","","-0.24%"
"17-04-2022","12.5557","12.5557","12.5557","12.5557","","0.00%"
"15-04-2022","12.5557","12.6830","12.7020","12.4379","","-1.00%"
"14-04-2022","12.6830","12.5416","12.9387","12.4763","","1.13%"
"13-04-2022","12.5416","12.5163","12.6060","12.4728","","0.20%"
"12-04-2022","12.5163","12.4127","12.6022","12.3691","","0.83%"
"11-04-2022","12.4127","11.9529","12.7524","11.9339","","3.85%"
"10-04-2022","11.9529","11.9527","11.9529","11.9527","","0.00%"
"08-04-2022","11.9527","11.9091","11.9860","11.2220","","0.37%"
"07-04-2022","11.9091","12.5324","12.5352","11.7538","","-4.97%"
"06-04-2022","12.5324","13.0910","13.1349","12.4529","","-4.27%"
"05-04-2022","13.0910","13.2005","13.2013","13.0094","","-0.83%"
"04-04-2022","13.2005","13.1933","13.3331","13.0477","","0.05%"
"03-04-2022","13.1933","13.1933","13.1933","13.1933","","0.00%"
"01-04-2022","13.1933","13.1230","13.2480","13.0851","","0.54%"
"31-03-2022","13.1230","13.3198","13.3328","13.1058","","-1.48%"
"30-03-2022","13.3198","13.3952","13.4144","13.0691","","-0.56%"
"29-03-2022","13.3952","14.0846","14.0990","13.0335","","-4.89%"
"28-03-2022","14.0846","15.0796","15.0806","13.9880","","-6.60%"
"27-03-2022","15.0796","15.0794","15.0796","15.0794","","0.00%"
"25-03-2022","15.0794","15.2329","15.3183","14.6275","","-1.01%"
"24-03-2022","15.2329","15.3376","15.3454","15.0056","","-0.68%"
"23-03-2022","15.3376","16.2651","16.3912","15.3161","","-5.70%"
"22-03-2022","16.2651","16.3625","16.4048","16.2480","","-0.60%"
"21-03-2022","16.3625","16.4780","16.6012","16.3622","","-0.70%"
"20-03-2022","16.4780","16.4780","16.4780","16.4780","","0.00%"
"18-03-2022","16.4780","16.2518","16.5902","16.0541","","1.39%"
"17-03-2022","16.2518","17.0017","17.0219","16.2303","","-4.41%"
"16-03-2022","17.0017","17.2825","17.3473","16.8986","","-1.62%"
"15-03-2022","17.2825","17.9246","17.9257","17.1483","","-3.59%"
"14-03-2022","17.9254","18.0215","18.1786","17.2990","","-0.53%"
"13-03-2022","18.0215","18.0215","18.0215","18.0215","","0.00%"
"11-03-2022","18.0215","18.7444","18.7470","17.8958","","-3.86%"
"10-03-2022","18.7444","18.9943","19.1773","18.3512","","-1.32%"
"09-03-2022","18.9943","20.5739","20.5866","18.0177","","-7.68%"
"08-03-2022","20.5739","22.6237","22.6241","16.6113","","-9.06%"
"07-03-2022","22.6237","16.6200","24.8940","16.5995","","36.12%"
"06-03-2022","16.6200","16.6200","16.6200","16.6200","","0.00%"
"04-03-2022","16.6200","16.7732","18.1966","15.8778","","-0.91%"
"03-03-2022","16.7729","16.7724","18.7141","15.7429","","0.00%"
"02-03-2022","16.7724","16.0368","17.3530","15.4100","","4.59%"
"01-03-2022","16.0368","14.9939","16.0386","14.1743","","6.96%"
"28-02-2022","14.9939","13.1362","17.9058","13.1328","","14.14%"
"27-02-2022","13.1362","13.1362","13.1362","13.1362","","0.00%"
"25-02-2022","13.1362","13.4759","13.5791","12.9460","","-2.52%"
"24-02-2022","13.4759","12.8521","13.9272","12.8389","","4.85%"
"23-02-2022","12.8521","12.4709","12.8877","12.4212","","3.06%"
"22-02-2022","12.4709","12.5893","12.7541","12.4156","","-0.94%"
"21-02-2022","12.5893","12.2258","12.6379","12.0292","","2.97%"
"20-02-2022","12.2258","12.2258","12.2258","12.2258","","0.00%"
"18-02-2022","12.2258","12.0412","12.2497","11.9562","","1.53%"
"17-02-2022","12.0412","11.8751","12.0921","11.8744","","1.40%"
"16-02-2022","11.8751","11.8859","11.8929","11.8077","","-0.09%"
"15-02-2022","11.8859","12.0772","12.0885","11.8426","","-1.58%"
"14-02-2022","12.0772","12.1472","12.2718","11.9510","","-0.58%"
"13-02-2022","12.1472","12.1472","12.1472","12.1472","","0.00%"
"11-02-2022","12.1472","11.8068","12.2048","11.7645","","2.88%"
"10-02-2022","11.8068","11.7429","11.8095","11.6855","","0.54%"
"09-02-2022","11.7429","11.7813","11.8014","11.7089","","-0.33%"
"08-02-2022","11.7813","11.8663","11.8803","11.7802","","-0.72%"
"07-02-2022","11.8663","11.9224","12.0097","11.8535","","-0.47%"
"06-02-2022","11.9224","11.9224","11.9224","11.9224","","0.00%"
"04-02-2022","11.9224","12.0281","12.0281","11.8944","","-0.88%"
"03-02-2022","12.0281","11.9552","12.0750","11.9552","","0.61%"
"02-02-2022","11.9552","12.0831","12.0861","11.9005","","-1.06%"
"01-02-2022","12.0831","12.1646","12.1646","12.0212","","-0.67%"
"31-01-2022","12.1646","12.2352","12.2352","12.1479","","-0.58%"
"30-01-2022","12.2352","12.2346","12.2352","12.2346","","0.00%"
"28-01-2022","12.2346","12.2498","12.3061","12.1710","","-0.12%"
"27-01-2022","12.2498","12.5763","12.5765","12.1593","","-2.60%"
"26-01-2022","12.5763","12.4282","12.7070","12.4226","","1.19%"
"25-01-2022","12.4282","12.4447","12.5321","12.3764","","-0.13%"
"24-01-2022","12.4447","12.2182","12.5542","12.1573","","1.85%"
"23-01-2022","12.2182","12.2182","12.2182","12.2182","","0.00%"
"21-01-2022","12.2182","12.0929","12.2308","12.0337","","1.04%"
"20-01-2022","12.0929","12.0105","12.1038","11.9825","","0.69%"
"19-01-2022","12.0105","12.1095","12.1472","11.9559","","-0.82%"
"18-01-2022","12.1095","11.9885","12.1191","11.9817","","1.01%"
"17-01-2022","11.9885","11.9983","12.0939","11.9242","","-0.08%"
"16-01-2022","11.9983","11.9983","11.9983","11.9983","","0.00%"
"14-01-2022","11.9983","11.9938","12.1125","11.9209","","0.04%"
"13-01-2022","11.9938","11.7503","12.0382","11.7081","","2.07%"
"12-01-2022","11.7503","11.6829","11.7767","11.6764","","0.58%"
"11-01-2022","11.6829","11.7655","11.7751","11.6757","","-0.70%"
"10-01-2022","11.7655","11.8759","11.8856","11.7449","","-0.93%"
"09-01-2022","11.8759","11.8759","11.8759","11.8759","","0.00%"
"07-01-2022","11.8759","11.9557","11.9993","11.7761","","-0.67%"
"06-01-2022","11.9557","12.0808","12.1277","11.9252","","-1.04%"
"05-01-2022","12.0808","11.8273","12.0822","11.8268","","2.14%"
"04-01-2022","11.8273","11.7290","11.8531","11.6823","","0.84%"
"03-01-2022","11.7290","11.7452","11.8279","11.6722","","-0.14%"
"02-01-2022","11.7452","11.7452","11.7452","11.7452","","0.00%"
"31-12-2021","11.7452","11.7139","11.7743","11.7041","","0.27%"
"30-12-2021","11.7139","11.6199","11.7872","11.6146","","0.81%"
"29-12-2021","11.6199","11.5779","11.6499","11.5442","","0.36%"
"28-12-2021","11.5779","11.5305","11.6007","11.5135","","0.41%"
"27-12-2021","11.5305","11.5690","11.5690","11.4741","","-0.33%"
"26-12-2021","11.5690","11.5690","11.5690","11.5690","","0.00%"
"24-12-2021","11.5690","11.5077","11.5781","11.4837","","0.53%"
"23-12-2021","11.5077","11.5812","11.5821","11.4905","","-0.63%"
"22-12-2021","11.5812","11.6133","11.6381","11.5508","","-0.28%"
"21-12-2021","11.6133","11.6337","11.6383","11.5722","","-0.17%"
"20-12-2021","11.6337","11.6272","11.6795","11.6122","","0.06%"
"19-12-2021","11.6272","11.6272","11.6272","11.6272","","0.00%"
"17-12-2021","11.6272","11.5820","11.6460","11.5305","","0.39%"
"16-12-2021","11.5820","11.5743","11.5978","11.5222","","0.07%"
"15-12-2021","11.5743","11.5886","11.6766","11.5737","","-0.12%"
"14-12-2021","11.5886","11.5461","11.6066","11.5366","","0.37%"
"13-12-2021","11.5461","11.5190","11.5750","11.5135","","0.24%"
"12-12-2021","11.5190","11.5190","11.5190","11.5190","","0.00%"
"10-12-2021","11.5190","11.5625","11.5934","11.5089","","-0.38%"
"09-12-2021","11.5625","11.6009","11.6151","11.5332","","-0.33%"
"08-12-2021","11.6009","11.6294","11.6563","11.5873","","-0.24%"
"07-12-2021","11.6294","11.6621","11.7011","11.6030","","-0.28%"
"06-12-2021","11.6621","11.5907","11.6754","11.5322","","0.62%"
"05-12-2021","11.5907","11.5907","11.5907","11.5907","","0.00%"
"03-12-2021","11.5907","11.5504","11.6020","11.5158","","0.35%"
"02-12-2021","11.5504","11.6598","11.6622","11.5326","","-0.94%"
"01-12-2021","11.6598","11.6405","11.6795","11.5746","","0.17%"
"30-11-2021","11.6405","11.6796","11.7907","11.6256","","-0.33%"
"29-11-2021","11.6796","11.8270","11.8471","11.6313","","-1.25%"
"28-11-2021","11.8270","11.8270","11.8270","11.8270","","0.00%"
"26-11-2021","11.8270","11.6959","11.8732","11.6821","","1.12%"
"25-11-2021","11.6959","11.7300","11.7385","11.6655","","-0.29%"
"24-11-2021","11.7300","11.6223","11.7383","11.6026","","0.93%"
"23-11-2021","11.6223","11.7149","11.7750","11.6030","","-0.79%"
"22-11-2021","11.7149","11.5049","11.7537","11.4689","","1.83%"
"21-11-2021","11.5049","11.5049","11.5049","11.5049","","0.00%"
"19-11-2021","11.5049","11.4467","11.5286","11.3945","","0.51%"
"18-11-2021","11.4467","11.3744","11.4777","11.3694","","0.64%"
"17-11-2021","11.3744","11.4384","11.4683","11.3435","","-0.56%"
"16-11-2021","11.4384","11.3649","11.4933","11.3521","","0.65%"
"15-11-2021","11.3649","11.4257","11.4257","11.2888","","-0.53%"
"14-11-2021","11.4257","11.4257","11.4257","11.4257","","0.00%"
"12-11-2021","11.4257","11.2065","11.4744","11.1867","","1.96%"
"11-11-2021","11.2065","11.1575","11.2304","11.0878","","0.44%"
"10-11-2021","11.1575","11.0621","11.1666","11.0340","","0.86%"
"09-11-2021","11.0621","11.1403","11.1578","11.0585","","-0.70%"
"08-11-2021","11.1403","11.1358","11.1777","11.1224","","0.04%"
"07-11-2021","11.1358","11.1358","11.1358","11.1358","","0.00%"
"05-11-2021","11.1358","11.2160","11.2410","11.0959","","-0.71%"
"04-11-2021","11.2160","11.2000","11.2261","11.2000","","0.14%"
"03-11-2021","11.2000","11.1767","11.2781","11.1528","","0.21%"
"02-11-2021","11.1767","11.1867","11.2557","11.1578","","-0.09%"
"01-11-2021","11.1867","11.0754","11.2002","11.0563","","1.00%"
"31-10-2021","11.0754","11.0754","11.0754","11.0754","","0.00%"
"29-10-2021","11.0754","10.9860","11.0848","10.9820","","0.81%"
"28-10-2021","10.9860","11.0495","11.0609","10.9569","","-0.57%"
"27-10-2021","11.0495","10.8952","11.0559","10.8750","","1.42%"
"26-10-2021","10.8952","10.9223","10.9327","10.8515","","-0.25%"
"25-10-2021","10.9223","11.0147","11.0478","10.9165","","-0.84%"
"24-10-2021","11.0147","11.0147","11.0147","11.0147","","0.00%"
"22-10-2021","11.0147","11.1214","11.1272","10.9588","","-0.96%"
"21-10-2021","11.1214","11.0762","11.1420","11.0762","","0.41%"
"20-10-2021","11.0762","11.1022","11.1221","11.0700","","-0.23%"
"19-10-2021","11.1022","11.0894","11.1223","11.0619","","0.12%"
"18-10-2021","11.0894","11.0367","11.0970","11.0262","","0.48%"
"17-10-2021","11.0367","11.0367","11.0367","11.0367","","0.00%"
"15-10-2021","11.0367","11.0809","11.1032","11.0181","","-0.40%"
"14-10-2021","11.0809","11.2012","11.2012","11.0766","","-1.07%"
"13-10-2021","11.2012","11.1438","11.2197","11.1313","","0.52%"
"12-10-2021","11.1438","11.1415","11.1630","11.1179","","0.02%"
"11-10-2021","11.1415","11.1564","11.1699","11.1017","","-0.13%"
"10-10-2021","11.1564","11.1564","11.1564","11.1564","","0.00%"
"08-10-2021","11.1564","11.1200","11.1735","11.1118","","0.33%"
"07-10-2021","11.1200","11.2313","11.2410","11.1200","","-0.99%"
"06-10-2021","11.2313","11.2243","11.2797","11.2227","","0.06%"
"05-10-2021","11.2243","11.2458","11.2730","11.2116","","-0.19%"
"04-10-2021","11.2458","11.2811","11.3229","11.2338","","-0.31%"
"03-10-2021","11.2811","11.2811","11.2811","11.2811","","0.00%"
"01-10-2021","11.2811","11.2851","11.3596","11.2722","","-0.04%"
"30-09-2021","11.2851","11.2584","11.2986","11.2304","","0.24%"
"29-09-2021","11.2584","11.2659","11.2754","11.2337","","-0.07%"
"28-09-2021","11.2659","11.2340","11.3042","11.2155","","0.28%"
"27-09-2021","11.2340","11.2477","11.2701","11.2195","","-0.12%"
"26-09-2021","11.2477","11.2477","11.2477","11.2477","","0.00%"
"24-09-2021","11.2477","11.2750","11.3022","11.2442","","-0.24%"
"23-09-2021","11.2750","11.2992","11.2992","11.2358","","-0.21%"
"22-09-2021","11.2992","11.3028","11.3131","11.2365","","-0.03%"
"21-09-2021","11.3028","11.3610","11.3670","11.2846","","-0.51%"
"20-09-2021","11.3610","11.2682","11.3847","11.2666","","0.82%"
"19-09-2021","11.2682","11.2682","11.2682","11.2682","","0.00%"
"17-09-2021","11.2682","11.2338","11.2800","11.2261","","0.31%"
"16-09-2021","11.2338","11.2385","11.2597","11.2172","","-0.04%"
"15-09-2021","11.2385","11.3226","11.3407","11.2320","","-0.74%"
"14-09-2021","11.3226","11.2591","11.3321","11.2584","","0.56%"
"13-09-2021","11.2591","11.3569","11.3569","11.2590","","-0.86%"
"12-09-2021","11.3569","11.3569","11.3569","11.3569","","0.00%"
"10-09-2021","11.3569","11.3051","11.3608","11.2866","","0.46%"
"09-09-2021","11.3051","11.3201","11.3448","11.2819","","-0.13%"
"08-09-2021","11.3201","11.3325","11.3811","11.3201","","-0.11%"
"07-09-2021","11.3325","11.3029","11.3489","11.2978","","0.26%"
"06-09-2021","11.3029","11.2711","11.3124","11.2659","","0.28%"
"05-09-2021","11.2711","11.2711","11.2711","11.2711","","0.00%"
"03-09-2021","11.2711","11.2872","11.3123","11.2588","","-0.14%"
"02-09-2021","11.2872","11.2948","11.3041","11.2587","","-0.07%"
"01-09-2021","11.2948","11.3343","11.3395","11.2702","","-0.35%"
"31-08-2021","11.3343","11.3668","11.3668","11.3299","","-0.29%"
"30-08-2021","11.3668","11.3647","11.3877","11.3560","","0.02%"
"29-08-2021","11.3647","11.3647","11.3647","11.3647","","0.00%"
"27-08-2021","11.3647","11.4527","11.4530","11.3642","","-0.77%"
"26-08-2021","11.4527","11.4168","11.4839","11.4028","","0.31%"
"25-08-2021","11.4168","11.3941","11.4407","11.3786","","0.20%"
"24-08-2021","11.3941","11.4401","11.4446","11.3905","","-0.40%"
"23-08-2021","11.4401","11.4227","11.4449","11.3892","","0.15%"
"22-08-2021","11.4227","11.4227","11.4227","11.4227","","0.00%"
"20-08-2021","11.4227","11.4192","11.4750","11.3994","","0.03%"
"19-08-2021","11.4192","11.3843","11.4468","11.3677","","0.31%"
"18-08-2021","11.3843","11.3430","11.3901","11.3177","","0.36%"
"17-08-2021","11.3430","11.3122","11.3508","11.3034","","0.27%"
"16-08-2021","11.3122","11.3038","11.3472","11.3014","","0.07%"
"15-08-2021","11.3038","11.3038","11.3038","11.3038","","0.00%"
"13-08-2021","11.3038","11.3614","11.3686","11.2977","","-0.51%"
"12-08-2021","11.3614","11.3255","11.3722","11.3255","","0.32%"
"11-08-2021","11.3255","11.3974","11.4313","11.3220","","-0.63%"
"10-08-2021","11.3974","11.3612","11.4196","11.3445","","0.32%"
"09-08-2021","11.3612","11.3303","11.3620","11.3239","","0.27%"
"08-08-2021","11.3303","11.3303","11.3303","11.3303","","0.00%"
"06-08-2021","11.3303","11.3110","11.3366","11.2935","","0.17%"
"05-08-2021","11.3110","11.3117","11.3330","11.3002","","-0.01%"
"04-08-2021","11.3117","11.2745","11.3341","11.2576","","0.33%"
"03-08-2021","11.2745","11.3039","11.3181","11.2610","","-0.26%"
"02-08-2021","11.3039","11.3196","11.3257","11.2492","","-0.14%"
"01-08-2021","11.3196","11.3196","11.3196","11.3196","","0.00%"
"30-07-2021","11.3196","11.3297","11.3645","11.2726","","-0.09%"
"29-07-2021","11.3297","11.3231","11.3530","11.3073","","0.06%"
"28-07-2021","11.3231","11.3251","11.3730","11.2973","","-0.02%"
"27-07-2021","11.3251","11.3595","11.3997","11.3056","","-0.30%"
"26-07-2021","11.3595","11.3777","11.4531","11.3565","","-0.16%"
"25-07-2021","11.3777","11.3777","11.3777","11.3777","","0.00%"
"23-07-2021","11.3777","11.3895","11.4024","11.3515","","-0.10%"
"22-07-2021","11.3895","11.4428","11.4492","11.3825","","-0.47%"
"21-07-2021","11.4428","11.4664","11.5139","11.4274","","-0.21%"
"20-07-2021","11.4664","11.5016","11.5215","11.4574","","-0.31%"
"19-07-2021","11.5016","11.4342","11.5220","11.4264","","0.59%"
"18-07-2021","11.4342","11.4342","11.4342","11.4342","","0.00%"
"16-07-2021","11.4342","11.5092","11.5092","11.4177","","-0.65%"
"15-07-2021","11.5092","11.4522","11.5209","11.4507","","0.50%"
"14-07-2021","11.4522","11.4890","11.4905","11.4333","","-0.32%"
"13-07-2021","11.4890","11.4948","11.5151","11.4301","","-0.05%"
"12-07-2021","11.4948","11.4765","11.5489","11.4765","","0.16%"
"11-07-2021","11.4765","11.4765","11.4765","11.4765","","0.00%"
"09-07-2021","11.4765","11.5207","11.5327","11.4458","","-0.38%"
"08-07-2021","11.5207","11.5414","11.6230","11.5010","","-0.18%"
"07-07-2021","11.5414","11.4895","11.5688","11.4391","","0.45%"
"06-07-2021","11.4895","11.3660","11.5166","11.3266","","1.09%"
"05-07-2021","11.3660","11.3172","11.3845","11.3172","","0.43%"
"04-07-2021","11.3172","11.3172","11.3172","11.3172","","0.00%"
"02-07-2021","11.3172","11.3477","11.3882","11.3063","","-0.27%"
"01-07-2021","11.3477","11.3288","11.3623","11.2633","","0.17%"
"30-06-2021","11.3288","11.2577","11.3387","11.2458","","0.63%"
"29-06-2021","11.2577","11.1701","11.2735","11.1573","","0.78%"
"28-06-2021","11.1701","11.1837","11.1920","11.1692","","-0.12%"
"27-06-2021","11.1837","11.1837","11.1837","11.1837","","0.00%"
"25-06-2021","11.1837","11.1748","11.1956","11.1631","","0.08%"
"24-06-2021","11.1748","11.2155","11.2157","11.1463","","-0.36%"
"23-06-2021","11.2155","11.2454","11.2582","11.1769","","-0.27%"
"22-06-2021","11.2454","11.3095","11.3240","11.2370","","-0.57%"
"21-06-2021","11.3095","11.2841","11.3302","11.2537","","0.23%"
"20-06-2021","11.2841","11.2841","11.2841","11.2841","","0.00%"
"18-06-2021","11.2841","11.2161","11.2906","11.1968","","0.61%"
"17-06-2021","11.2161","11.3495","11.3495","11.1841","","-1.17%"
"16-06-2021","11.3495","11.2674","11.3591","11.2098","","0.73%"
"15-06-2021","11.2674","11.2681","11.2935","11.2062","","-0.01%"
"14-06-2021","11.2681","11.2699","11.3069","11.2510","","-0.02%"
"13-06-2021","11.2699","11.2699","11.2699","11.2699","","0.00%"
"11-06-2021","11.2699","11.2265","11.2921","11.1979","","0.39%"
"10-06-2021","11.2265","11.3208","11.3310","11.2211","","-0.83%"
"09-06-2021","11.3208","11.2950","11.3298","11.2633","","0.23%"
"08-06-2021","11.2950","11.3823","11.4097","11.2919","","-0.77%"
"07-06-2021","11.3823","11.3815","11.4109","11.3684","","0.01%"
"06-06-2021","11.3815","11.3815","11.3815","11.3815","","0.00%"
"04-06-2021","11.3815","11.4377","11.4469","11.3798","","-0.49%"
"03-06-2021","11.4377","11.4631","11.4692","11.4257","","-0.22%"
"02-06-2021","11.4631","11.5190","11.5325","11.4582","","-0.49%"
"01-06-2021","11.5190","11.5282","11.5428","11.4689","","-0.08%"
"31-05-2021","11.5282","11.4887","11.5350","11.4801","","0.34%"
"30-05-2021","11.4887","11.4887","11.4887","11.4887","","0.00%"
"28-05-2021","11.4887","11.5127","11.5697","11.4887","","-0.21%"
"27-05-2021","11.5127","11.4996","11.5337","11.4898","","0.11%"
"26-05-2021","11.4996","11.4649","11.5332","11.4562","","0.30%"
"25-05-2021","11.4649","11.4452","11.4742","11.4289","","0.17%"
"24-05-2021","11.4452","11.4423","11.4913","11.4252","","0.02%"
"23-05-2021","11.4423","11.4423","11.4423","11.4423","","0.00%"
"21-05-2021","11.4423","11.4255","11.4493","11.4048","","0.15%"
"20-05-2021","11.4255","11.4642","11.4677","11.4175","","-0.34%"
"19-05-2021","11.4642","11.4714","11.4839","11.4310","","-0.06%"
"18-05-2021","11.4714","11.4615","11.5068","11.4489","","0.09%"
"17-05-2021","11.4615","11.4971","11.5064","11.4563","","-0.31%"
"16-05-2021","11.4971","11.4971","11.4971","11.4971","","0.00%"
"14-05-2021","11.4971","11.4780","11.5106","11.4568","","0.17%"
"13-05-2021","11.4780","11.5605","11.5723","11.4469","","-0.71%"
"12-05-2021","11.5605","11.5274","11.5637","11.4825","","0.29%"
"11-05-2021","11.5274","11.5874","11.5874","11.4948","","-0.52%"
"10-05-2021","11.5874","11.4723","11.5874","11.4429","","1.00%"
"09-05-2021","11.4723","11.4723","11.4723","11.4723","","0.00%"
"07-05-2021","11.4723","11.4855","11.5116","11.4344","","-0.12%"
"06-05-2021","11.4855","11.5643","11.5643","11.4807","","-0.68%"
"05-05-2021","11.5643","11.5491","11.5698","11.5380","","-0.12%"
"04-05-2021","11.5782","11.6177","11.6386","11.5441","","-0.34%"
"03-05-2021","11.6177","11.6177","11.6177","11.6177","","0.00%"
"02-05-2021","11.6177","11.6177","11.6177","11.6177","","0.00%"
"30-04-2021","11.6177","11.5309","11.6220","11.5135","","0.75%"
"29-04-2021","11.5309","11.4845","11.5457","11.4727","","0.40%"
"28-04-2021","11.4845","11.5541","11.5610","11.4795","","-0.60%"
"27-04-2021","11.5541","11.5650","11.5885","11.5364","","-0.09%"
"26-04-2021","11.5650","11.5436","11.5805","11.5034","","0.18%"
"25-04-2021","11.5436","11.5436","11.5436","11.5436","","0.00%"
"23-04-2021","11.5436","11.6191","11.6314","11.5047","","-0.65%"
"22-04-2021","11.6191","11.8045","11.8352","11.5920","","-1.57%"
"21-04-2021","11.8045","11.8181","11.8514","11.7506","","-0.11%"
"20-04-2021","11.8181","11.7289","11.8537","11.6950","","0.76%"
"19-04-2021","11.7289","11.6282","11.7408","11.6097","","0.87%"
"18-04-2021","11.6282","11.6282","11.6282","11.6282","","0.00%"
"16-04-2021","11.6282","11.7031","11.7107","11.5482","","-0.64%"
"15-04-2021","11.7031","11.6214","11.8575","11.6007","","0.70%"
"14-04-2021","11.6214","11.6039","11.6328","11.5427","","0.15%"
"13-04-2021","11.6039","11.8152","11.8333","11.5893","","-1.79%"
"12-04-2021","11.8152","11.8108","11.8593","11.7788","","0.04%"
"11-04-2021","11.8108","11.8108","11.8108","11.8108","","0.00%"
"09-04-2021","11.8108","11.7325","11.8204","11.7291","","0.67%"
"08-04-2021","11.7325","11.7655","11.8112","11.7012","","-0.28%"
"07-04-2021","11.7655","11.8146","11.9203","11.7549","","-0.42%"
"06-04-2021","11.8146","11.6319","11.8229","11.6316","","1.57%"
"05-04-2021","11.6319","11.6514","11.6817","11.5757","","-0.17%"
"04-04-2021","11.6514","11.6514","11.6514","11.6514","","0.00%"
"02-04-2021","11.6514","11.6168","11.6514","11.5757","","0.30%"
"01-04-2021","11.6168","11.5524","11.6395","11.5071","","0.56%"
"31-03-2021","11.5524","11.5413","11.5729","11.4840","","0.10%"
"30-03-2021","11.5413","11.5172","11.5876","11.4758","","0.21%"
"29-03-2021","11.5172","11.5667","11.5998","11.5038","","-0.43%"
"28-03-2021","11.5667","11.5667","11.5667","11.5667","","0.00%"
"26-03-2021","11.5667","11.6382","11.6518","11.5620","","-0.61%"
"25-03-2021","11.6382","11.7370","11.7370","11.5845","","-0.84%"
"24-03-2021","11.7370","11.7212","11.7991","11.6162","","0.14%"
"23-03-2021","11.7212","11.5128","11.7236","11.5037","","1.81%"
"22-03-2021","11.5128","11.3875","11.5368","11.3817","","1.10%"
"21-03-2021","11.3875","11.3875","11.3875","11.3875","","0.00%"
"19-03-2021","11.3875","11.4217","11.4389","11.3357","","-0.30%"
"18-03-2021","11.4217","11.3207","11.4347","11.3108","","0.89%"
"17-03-2021","11.3207","11.2010","11.4070","11.1978","","1.07%"
"16-03-2021","11.2010","11.2025","11.2353","11.1617","","-0.01%"
"15-03-2021","11.2025","11.2674","11.2906","11.2025","","-0.58%"
"14-03-2021","11.2674","11.2674","11.2674","11.2674","","0.00%"
"12-03-2021","11.2674","11.2882","11.3384","11.2527","","-0.18%"
"11-03-2021","11.2882","11.3133","11.3857","11.2713","","-0.22%"
"10-03-2021","11.3133","11.3589","11.3844","11.3129","","-0.40%"
"09-03-2021","11.3589","11.3742","11.4126","11.3313","","-0.13%"
"08-03-2021","11.3742","11.4255","11.4333","11.3653","","-0.45%"
"07-03-2021","11.4255","11.4255","11.4255","11.4255","","0.00%"
"05-03-2021","11.4255","11.5461","11.5461","11.4185","","-1.04%"
"04-03-2021","11.5461","11.4374","11.5832","11.3389","","0.95%"
"03-03-2021","11.4374","11.4067","11.4490","11.3690","","0.27%"
"02-03-2021","11.4067","11.4714","11.5448","11.3770","","-0.56%"
"01-03-2021","11.4714","11.5240","11.5474","11.4303","","-0.46%"
"28-02-2021","11.5240","11.5240","11.5240","11.5240","","0.00%"
"26-02-2021","11.5240","11.5773","11.5838","11.4847","","-0.46%"
"25-02-2021","11.5773","11.3885","11.5913","11.3748","","1.66%"
"24-02-2021","11.3885","11.4920","11.5118","11.3855","","-0.90%"
"23-02-2021","11.4920","11.4951","11.5136","11.4850","","-0.03%"
"22-02-2021","11.4951","11.4677","11.6020","11.4549","","0.24%"
"21-02-2021","11.4677","11.4677","11.4677","11.4677","","-0.08%"
"19-02-2021","11.4766","11.3905","11.4893","11.3905","","0.76%"
"18-02-2021","11.3905","11.4149","11.4361","11.3731","","-0.21%"
"17-02-2021","11.4149","11.4046","11.4869","11.3897","","0.09%"
"16-02-2021","11.4046","11.3534","11.4421","11.3271","","0.45%"
"15-02-2021","11.3534","11.4136","11.4146","11.3281","","-0.53%"
"14-02-2021","11.4136","11.4136","11.4136","11.4136","","0.00%"
"12-02-2021","11.4136","11.3988","11.5295","11.3855","","0.13%"
"11-02-2021","11.3988","11.4491","11.4498","11.3875","","-0.44%"
"10-02-2021","11.4491","11.4811","11.4953","11.4213","","-0.28%"
"09-02-2021","11.4811","11.5228","11.5288","11.4763","","-0.36%"
"08-02-2021","11.5228","11.5442","11.5614","11.4848","","-0.19%"
"07-02-2021","11.5442","11.5442","11.5442","11.5442","","0.00%"
"05-02-2021","11.5442","11.6671","11.6730","11.5254","","-1.05%"
"04-02-2021","11.6671","11.7555","11.7699","11.6520","","-0.75%"
"03-02-2021","11.7555","11.8054","11.8082","11.7308","","-0.42%"
"02-02-2021","11.8054","11.7712","11.8055","11.6661","","0.29%"
"01-02-2021","11.7712","11.7833","11.7833","11.6631","","-0.10%"
"31-01-2021","11.7833","11.7833","11.7833","11.7833","","0.00%"
"29-01-2021","11.7833","11.7774","11.8393","11.7076","","0.05%"
"28-01-2021","11.7774","11.6982","11.8189","11.6795","","0.68%"
"27-01-2021","11.6982","11.6156","11.7238","11.5843","","0.71%"
"26-01-2021","11.6156","11.6278","11.6986","11.5959","","-0.10%"
"25-01-2021","11.6278","11.6154","11.7045","11.5248","","0.11%"
"24-01-2021","11.6154","11.6154","11.6154","11.6154","","0.00%"
"22-01-2021","11.6154","11.4259","11.6248","11.4043","","1.66%"
"21-01-2021","11.4259","11.3700","11.4593","11.3394","","0.49%"
"20-01-2021","11.3700","11.3708","11.3969","11.3265","","-0.01%"
"19-01-2021","11.3708","11.4013","11.4196","11.3454","","-0.27%"
"18-01-2021","11.4013","11.3613","11.4523","11.3437","","0.35%"
"17-01-2021","11.3613","11.3613","11.3613","11.3613","","0.00%"
"15-01-2021","11.3613","11.3086","11.3985","11.3086","","0.47%"
"14-01-2021","11.3086","11.4045","11.4376","11.2941","","-0.84%"
"13-01-2021","11.4045","11.3771","11.4323","11.3679","","0.24%"
"12-01-2021","11.3771","11.5217","11.5589","11.3724","","-1.25%"
"11-01-2021","11.5217","11.4530","11.5661","11.4233","","0.60%"
"10-01-2021","11.4530","11.4530","11.4530","11.4530","","0.00%"
"08-01-2021","11.4530","11.4131","11.5600","11.4121","","0.35%"
"07-01-2021","11.4131","11.4380","11.4510","11.4095","","-0.22%"
"06-01-2021","11.4380","11.4664","11.4825","11.3753","","-0.25%"
"05-01-2021","11.4664","11.4995","11.6275","11.4407","","-0.29%"
"04-01-2021","11.4995","11.3902","11.5212","11.3643","","0.96%"
"03-01-2021","11.3902","11.3902","11.3902","11.3902","","0.00%"
"01-01-2021","11.3902","11.4012","11.4012","11.3902","","-0.10%"
"31-12-2020","11.4012","11.4071","11.4211","11.3501","","-0.05%"
"30-12-2020","11.4071","11.3364","11.4897","11.2825","","0.62%"
"29-12-2020","11.3364","11.2828","11.3445","11.2366","","0.47%"
"28-12-2020","11.2828","11.3418","11.3652","11.2524","","-0.52%"
"27-12-2020","11.3418","11.3418","11.3418","11.3418","","0.00%"
"25-12-2020","11.3418","11.3150","11.3459","11.2887","","0.24%"
"24-12-2020","11.3150","11.4781","11.5039","11.3132","","-1.42%"
"23-12-2020","11.4781","11.5993","11.6008","11.4274","","-1.04%"
"22-12-2020","11.5993","11.4213","11.5994","11.4145","","1.56%"
"21-12-2020","11.4213","11.2193","11.5097","11.1954","","1.80%"
"20-12-2020","11.2193","11.2193","12.4213","11.2193","","0.00%"
"18-12-2020","11.2193","11.1526","11.2967","11.1326","","0.60%"
"17-12-2020","11.1526","11.2280","11.2336","11.1278","","-0.67%"
"16-12-2020","11.2280","11.2215","11.2771","11.2092","","0.06%"
"15-12-2020","11.2215","11.2762","11.2816","11.1980","","-0.48%"
"14-12-2020","11.2762","11.1449","11.2922","11.1346","","1.18%"
"13-12-2020","11.1449","11.1449","11.1449","11.1449","","0.00%"
"11-12-2020","11.1449","11.1601","11.2202","11.1449","","-0.14%"
"10-12-2020","11.1601","11.2894","11.2929","11.1508","","-1.15%"
"09-12-2020","11.2894","11.2528","11.3151","11.1802","","0.32%"
"08-12-2020","11.2528","11.2789","11.2939","11.1903","","-0.23%"
"07-12-2020","11.2789","11.3393","11.3887","11.2262","","-0.53%"
"06-12-2020","11.3393","11.3393","11.3393","11.3393","","0.00%"
"04-12-2020","11.3393","11.3777","11.4002","11.2951","","-0.34%"
"03-12-2020","11.3777","11.4387","11.4906","11.3566","","-0.53%"
"02-12-2020","11.4387","11.5402","11.5745","11.4387","","-0.88%"
"01-12-2020","11.5402","11.6134","11.6374","11.4974","","-0.63%"
"30-11-2020","11.6134","11.5345","11.6371","11.5036","","0.68%"
"29-11-2020","11.5345","11.5345","11.5345","11.5345","","0.00%"
"27-11-2020","11.5345","11.5134","11.6021","11.5015","","0.18%"
"26-11-2020","11.5134","11.4821","11.5186","11.4676","","0.27%"
"25-11-2020","11.4821","11.4498","11.5477","11.4498","","0.28%"
"24-11-2020","11.4498","11.5663","11.5840","11.4345","","-1.01%"
"23-11-2020","11.5663","11.6094","11.6260","11.5049","","-0.37%"
"22-11-2020","11.6094","11.6094","11.6094","11.6094","","0.00%"
"20-11-2020","11.6094","11.5524","11.6199","11.5490","","0.49%"
"19-11-2020","11.5524","11.5924","11.6253","11.5516","","-0.34%"
"18-11-2020","11.5924","11.6266","11.6593","11.5330","","-0.29%"
"17-11-2020","11.6266","11.5676","11.6996","11.5676","","0.51%"
"16-11-2020","11.5676","11.7161","11.7704","11.5676","","-1.27%"
"15-11-2020","11.7161","11.7161","11.7161","11.7161","","0.00%"
"13-11-2020","11.7161","11.6967","11.7603","11.6637","","0.17%"
"12-11-2020","11.6967","11.6291","11.7061","11.5810","","0.58%"
"11-11-2020","11.6291","11.5742","11.6391","11.4972","","0.47%"
"10-11-2020","11.5742","11.5100","11.6165","11.5100","","0.56%"
"09-11-2020","11.5100","11.7093","11.7828","11.4295","","-1.70%"
"08-11-2020","11.7093","11.7093","11.7093","11.7093","","0.00%"
"06-11-2020","11.7093","11.6591","11.7874","11.6051","","0.43%"
"05-11-2020","11.6591","11.9268","11.9528","11.6254","","-2.24%"
"04-11-2020","11.9268","11.8835","11.9289","11.7572","","0.36%"
"03-11-2020","11.8835","12.0360","12.0542","11.8422","","-1.27%"
"02-11-2020","12.0360","11.8825","12.0747","11.8783","","1.29%"
"01-11-2020","11.8825","11.8825","11.8825","11.8825","","0.00%"
"30-10-2020","11.8825","11.7452","11.8887","11.7452","","1.17%"
"29-10-2020","11.7452","11.7735","11.8697","11.7172","","-0.24%"
"28-10-2020","11.7735","11.5287","11.7735","11.5075","","2.12%"
"27-10-2020","11.5287","11.3963","11.5290","11.3753","","1.16%"
"26-10-2020","11.3963","11.3841","11.4346","11.3307","","0.11%"
"25-10-2020","11.3841","11.3841","11.3841","11.3841","","0.00%"
"23-10-2020","11.3841","11.4618","11.5056","11.3839","","-0.68%"
"22-10-2020","11.4618","11.5354","11.5776","11.4282","","-0.64%"
"21-10-2020","11.5354","11.5839","11.6460","11.5212","","-0.42%"
"20-10-2020","11.5839","11.6205","11.6805","11.5762","","-0.31%"
"19-10-2020","11.6205","11.6301","11.6588","11.5892","","-0.08%"
"18-10-2020","11.6301","11.6301","11.6301","11.6301","","0.00%"
"16-10-2020","11.6301","11.6110","11.6943","11.6048","","0.16%"
"15-10-2020","11.6110","11.5610","11.6646","11.5421","","0.43%"
"14-10-2020","11.5610","11.4203","11.5750","11.4185","","1.23%"
"13-10-2020","11.4203","11.4359","11.4758","11.4109","","-0.14%"
"12-10-2020","11.4359","11.4669","11.4882","11.4019","","-0.27%"
"11-10-2020","11.4669","11.4669","11.4669","11.4669","","0.00%"
"09-10-2020","11.4669","11.3936","11.5323","11.3936","","0.64%"
"08-10-2020","11.3936","11.4908","11.5006","11.3832","","-0.85%"
"07-10-2020","11.4908","11.5522","11.5549","11.4739","","-0.53%"
"06-10-2020","11.5522","11.5017","11.5816","11.4338","","0.44%"
"05-10-2020","11.5017","11.5134","11.6118","11.4691","","-0.10%"
"04-10-2020","11.5134","11.5134","11.5134","11.5134","","0.00%"
"02-10-2020","11.5134","11.3881","11.6032","11.3864","","1.10%"
"01-10-2020","11.3881","11.4319","11.4319","11.3426","","-0.38%"
"30-09-2020","11.4319","11.6003","11.6427","11.4210","","-1.45%"
"29-09-2020","11.6003","11.6057","11.7137","11.5196","","-0.05%"
"28-09-2020","11.6057","11.4623","11.6385","11.4546","","1.25%"
"27-09-2020","11.4623","11.4623","11.4623","11.4623","","0.00%"
"25-09-2020","11.4623","11.2977","11.4998","11.2499","","1.46%"
"24-09-2020","11.2977","11.3181","11.3425","11.2628","","-0.18%"
"23-09-2020","11.3181","11.2242","11.3197","11.1930","","0.84%"
"22-09-2020","11.2242","11.1859","11.2497","11.1788","","0.34%"
"21-09-2020","11.1859","11.1893","11.2974","11.1784","","-0.03%"
"20-09-2020","11.1893","11.1893","11.1893","11.1893","","0.00%"
"18-09-2020","11.1893","11.1154","11.1919","11.0899","","0.67%"
"17-09-2020","11.1154","11.0999","11.1423","11.0587","","0.14%"
"16-09-2020","11.0999","11.0624","11.1161","11.0500","","0.34%"
"15-09-2020","11.0624","11.0502","11.1084","11.0388","","0.11%"
"14-09-2020","11.0502","10.9879","11.0743","10.9229","","0.57%"
"13-09-2020","10.9879","10.9879","10.9879","10.9879","","0.00%"
"11-09-2020","10.9879","11.0039","11.0039","10.9392","","-0.15%"
"10-09-2020","11.0039","11.0220","11.0632","10.9369","","-0.16%"
"09-09-2020","11.0220","11.1419","11.1517","11.0195","","-1.08%"
"08-09-2020","11.1419","11.0912","11.1801","11.0801","","0.46%"
"07-09-2020","11.0912","11.0206","11.1567","11.0206","","0.64%"
"06-09-2020","11.0206","11.0206","11.0206","11.0206","","0.00%"
"04-09-2020","11.0206","10.9932","11.0546","10.9608","","0.25%"
"03-09-2020","10.9932","11.0264","11.0928","10.9549","","-0.30%"
"02-09-2020","11.0264","10.7755","11.0662","10.7618","","2.33%"
"01-09-2020","10.7755","10.8158","10.8741","10.7445","","-0.37%"
"31-08-2020","10.8158","10.7795","10.8786","10.7421","","0.34%"
"30-08-2020","10.7795","10.7795","10.7795","10.7795","","0.00%"
"28-08-2020","10.7795","10.8736","10.9152","10.7795","","-0.86%"
"27-08-2020","10.8736","10.9497","10.9649","10.8565","","-0.69%"
"26-08-2020","10.9497","10.8974","11.0236","10.8974","","0.48%"
"25-08-2020","10.8974","10.7868","10.9515","10.7555","","1.03%"
"24-08-2020","10.7868","10.8100","10.8182","10.7307","","-0.22%"
"23-08-2020","10.8100","10.8100","10.8100","10.8100","","0.00%"
"21-08-2020","10.8100","10.6686","10.8378","10.6686","","1.33%"
"20-08-2020","10.6686","10.5903","10.7257","10.5788","","0.74%"
"19-08-2020","10.5903","10.5700","10.6462","10.5555","","0.19%"
"18-08-2020","10.5700","10.6307","10.6417","10.5371","","-0.57%"
"17-08-2020","10.6307","10.4823","10.6396","10.4822","","1.42%"
"16-08-2020","10.4823","10.4823","10.4823","10.4823","","0.00%"
"14-08-2020","10.4823","10.5047","10.5694","10.4760","","-0.21%"
"13-08-2020","10.5047","10.6256","10.6349","10.5005","","-1.14%"
"12-08-2020","10.6256","10.5309","10.6323","10.5138","","0.90%"
"11-08-2020","10.5309","10.5527","10.5729","10.4667","","-0.21%"
"10-08-2020","10.5527","10.5794","10.6187","10.5403","","-0.25%"
"09-08-2020","10.5794","10.5794","10.5794","10.5794","","0.00%"
"07-08-2020","10.5794","10.5383","10.6058","10.5079","","0.39%"
"06-08-2020","10.5383","10.5057","10.5880","10.4680","","0.31%"
"05-08-2020","10.5057","10.5446","10.5783","10.4726","","-0.37%"
"04-08-2020","10.5446","10.4736","10.6001","10.4490","","0.68%"
"03-08-2020","10.4736","10.6681","10.6796","10.4727","","-1.82%"
"02-08-2020","10.6681","10.6681","10.6681","10.6681","","0.00%"
"31-07-2020","10.6681","10.4375","10.6799","10.4375","","2.21%"
"30-07-2020","10.4375","10.3661","10.5343","10.3613","","0.69%"
"29-07-2020","10.3661","10.3674","10.4052","10.3005","","-0.01%"
"28-07-2020","10.3674","10.2288","10.3814","10.2160","","1.36%"
"27-07-2020","10.2288","10.2222","10.2649","10.2014","","0.06%"
"26-07-2020","10.2222","10.2222","10.2222","10.2222","","0.00%"
"24-07-2020","10.2222","10.2025","10.2584","10.1680","","0.19%"
"23-07-2020","10.2025","10.1522","10.2165","10.1273","","0.49%"
"22-07-2020","10.1522","10.1341","10.1831","10.1053","","0.18%"
"21-07-2020","10.1341","10.2155","10.2193","10.1053","","-0.80%"
"20-07-2020","10.2155","10.2802","10.3175","10.2085","","-0.63%"
"19-07-2020","10.2802","10.2802","10.2802","10.2802","","0.00%"
"17-07-2020","10.2802","10.2431","10.2924","10.2214","","0.36%"
"16-07-2020","10.2431","10.1572","10.2431","10.1385","","0.85%"
"15-07-2020","10.1572","10.1135","10.1743","10.1098","","0.43%"
"14-07-2020","10.1135","10.1453","10.1630","10.1054","","-0.31%"
"13-07-2020","10.1453","10.0990","10.1524","10.0771","","0.46%"
"12-07-2020","10.0990","10.0990","10.0990","10.0990","","0.00%"
"10-07-2020","10.0990","10.1430","10.1870","10.0971","","-0.43%"
"09-07-2020","10.1430","10.1525","10.1846","10.0925","","-0.09%"
"08-07-2020","10.1525","10.1930","10.1954","10.1263","","-0.40%"
"07-07-2020","10.1930","10.2337","10.2934","10.1540","","-0.40%"
"06-07-2020","10.2337","10.1040","10.2655","10.0669","","1.28%"
"05-07-2020","10.1040","10.1040","10.1040","10.1040","","0.00%"
"03-07-2020","10.1040","9.9865","10.1398","9.9642","","1.18%"
"02-07-2020","9.9865","10.0653","10.0783","9.9323","","-0.78%"
"01-07-2020","10.0653","10.0734","10.0829","10.0640","","-0.08%"
"30-06-2020","10.0734","9.8852","10.0920","9.8852","","1.90%"
"29-06-2020","9.8852","9.8606","9.9466","9.8546","","0.25%"
"28-06-2020","9.8606","9.8606","9.8606","9.8606","","0.00%"
"26-06-2020","9.8606","9.7508","9.8853","9.7508","","1.13%"
"25-06-2020","9.7508","9.7292","9.8399","9.7288","","0.22%"
"24-06-2020","9.7292","9.7556","9.7654","9.7289","","-0.27%"
"23-06-2020","9.7556","9.7759","9.7759","9.7127","","-0.21%"
"22-06-2020","9.7759","9.8194","9.8286","9.7610","","-0.44%"
"21-06-2020","9.8194","9.8194","9.8194","9.8194","","0.00%"
"19-06-2020","9.8194","9.8562","9.8774","9.7828","","-0.37%"
"18-06-2020","9.8562","9.8432","9.8687","9.7729","","0.13%"
"17-06-2020","9.8432","9.8294","9.8567","9.7892","","0.14%"
"16-06-2020","9.8294","9.8089","9.8721","9.7772","","0.21%"
"15-06-2020","9.8089","9.9105","9.9300","9.8087","","-1.03%"
"14-06-2020","9.9107","9.9107","9.9107","9.9107","","0.00%"
"12-06-2020","9.9107","9.9365","9.9365","9.9038","","-0.26%"
"11-06-2020","9.9365","9.7005","9.9398","9.6821","","2.43%"
"10-06-2020","9.7005","9.6876","9.7605","9.6630","","0.13%"
"09-06-2020","9.6876","9.6438","9.7302","9.6314","","0.45%"
"08-06-2020","9.6438","9.6987","9.7055","9.6213","","-0.57%"
"07-06-2020","9.6987","9.6987","9.6987","9.6987","","0.00%"
"05-06-2020","9.6987","9.7268","9.7646","9.6331","","-0.29%"
"04-06-2020","9.7268","9.6477","9.7654","9.6275","","0.82%"
"03-06-2020","9.6477","9.6707","9.6942","9.5991","","-0.24%"
"02-06-2020","9.6707","9.6979","9.7154","9.6542","","-0.28%"
"01-06-2020","9.6979","9.8279","9.8643","9.6979","","-1.32%"
"31-05-2020","9.8279","9.8279","9.8279","9.8279","","0.00%"
"29-05-2020","9.8279","9.8642","9.9121","9.8279","","-0.37%"
"28-05-2020","9.8642","9.9034","9.9516","9.8162","","-0.40%"
"27-05-2020","9.9034","9.9222","9.9618","9.8765","","-0.19%"
"26-05-2020","9.9222","10.0451","10.0592","9.8989","","-1.22%"
"25-05-2020","10.0451","10.0432","10.0658","10.0095","","0.02%"
"24-05-2020","10.0432","10.0432","10.0432","10.0432","","0.00%"
"22-05-2020","10.0432","9.9733","10.1034","9.9595","","0.70%"
"21-05-2020","9.9733","10.0258","10.0258","9.9390","","-0.52%"
"20-05-2020","10.0258","10.2107","10.2107","10.0217","","-1.81%"
"19-05-2020","10.2107","10.2216","10.2363","10.1617","","-0.11%"
"18-05-2020","10.2216","10.3653","10.3657","10.2139","","-1.39%"
"17-05-2020","10.3653","10.3653","10.3653","10.3653","","0.00%"
"15-05-2020","10.3653","10.3564","10.3915","10.2905","","0.09%"
"14-05-2020","10.3564","10.4239","10.4868","10.3500","","-0.65%"
"13-05-2020","10.4239","10.4073","10.4704","10.3111","","0.16%"
"12-05-2020","10.4073","10.3430","10.4185","10.3029","","0.62%"
"11-05-2020","10.3430","10.3795","10.3829","10.3430","","-0.35%"
"10-05-2020","10.3795","10.3795","10.3795","10.3795","","0.00%"
"08-05-2020","10.3795","10.4597","10.4808","10.3355","","-0.77%"
"07-05-2020","10.4597","10.4952","10.5130","10.3832","","-0.34%"
"06-05-2020","10.4952","10.4436","10.5596","10.3621","","0.49%"
"05-05-2020","10.4436","10.5943","10.5943","10.4163","","-1.42%"
"04-05-2020","10.5943","10.5323","10.7508","10.5323","","0.59%"
"03-05-2020","10.5323","10.5323","10.5323","10.5323","","0.00%"
"01-05-2020","10.5323","10.5323","10.5323","10.5323","","0.00%"
"30-04-2020","10.5323","10.3177","10.5624","10.2994","","2.08%"
"29-04-2020","10.3177","10.4672","10.4743","10.3149","","-1.43%"
"28-04-2020","10.4672","10.5120","10.5570","10.4301","","-0.43%"
"27-04-2020","10.5120","10.5290","10.5543","10.4592","","-0.16%"
"26-04-2020","10.5290","10.5290","10.5290","10.5290","","0.00%"
"24-04-2020","10.5290","10.5810","10.5810","10.4500","","-0.49%"
"23-04-2020","10.5810","10.7150","10.7367","10.5019","","-1.25%"
"22-04-2020","10.7150","10.8671","10.9443","10.7061","","-1.40%"
"21-04-2020","10.8671","10.6762","10.9441","10.6483","","1.79%"
"20-04-2020","10.6762","10.4563","10.6762","10.4425","","2.10%"
"19-04-2020","10.4563","10.4563","10.4563","10.4563","","0.00%"
"17-04-2020","10.4563","10.4783","10.5151","10.4023","","-0.21%"
"16-04-2020","10.4783","10.5896","10.6000","10.4304","","-1.05%"
"15-04-2020","10.5896","10.3561","10.6598","10.3381","","2.26%"
"14-04-2020","10.3561","10.4360","10.4532","10.3191","","-0.77%"
"13-04-2020","10.4360","10.4821","10.4821","10.4083","","-0.44%"
"12-04-2020","10.4821","10.4821","10.4821","10.4821","","0.00%"
"10-04-2020","10.4821","10.5430","10.5641","10.4008","","-0.58%"
"09-04-2020","10.5430","10.6058","10.6092","10.3583","","-0.59%"
"08-04-2020","10.6058","10.7223","10.7435","10.6034","","-1.09%"
"07-04-2020","10.7223","10.7160","10.7621","10.6561","","0.06%"
"06-04-2020","10.7160","10.7845","10.8058","10.7070","","-0.64%"
"05-04-2020","10.7845","10.7845","10.7845","10.7845","","0.00%"
"03-04-2020","10.7845","10.9026","10.9413","10.7843","","-1.08%"
"02-04-2020","10.9026","11.0887","11.1610","10.9026","","-1.68%"
"01-04-2020","11.0887","11.0756","11.1705","11.0493","","0.12%"
"31-03-2020","11.0756","11.1739","11.1950","10.9792","","-0.88%"
"30-03-2020","11.1739","11.1062","11.3275","11.0980","","0.61%"
"29-03-2020","11.1062","11.1062","11.1062","11.1062","","0.00%"
"27-03-2020","11.1062","10.9529","11.1725","10.9423","","1.40%"
"26-03-2020","10.9529","10.9915","11.1370","10.8887","","-0.35%"
"25-03-2020","10.9915","11.0854","11.1631","10.8471","","-0.85%"
"24-03-2020","11.0854","11.2221","11.2620","11.0744","","-1.22%"
"23-03-2020","11.2221","11.2631","11.4159","11.1929","","-0.36%"
"22-03-2020","11.2631","11.2631","11.2631","11.2631","","0.00%"
"20-03-2020","11.2631","11.1359","11.2936","10.9708","","1.14%"
"19-03-2020","11.1359","11.4750","11.5337","11.0636","","-2.96%"
"18-03-2020","11.4750","10.7645","11.4752","10.7425","","6.60%"
"17-03-2020","10.7645","10.6758","10.7696","10.4892","","0.83%"
"16-03-2020","10.6758","10.3606","10.7355","10.3606","","3.04%"
"15-03-2020","10.3606","10.3606","10.3606","10.3606","","0.00%"
"13-03-2020","10.3606","10.6515","10.7272","10.3027","","-2.73%"
"12-03-2020","10.6515","10.4788","10.7684","10.3724","","1.65%"
"11-03-2020","10.4788","10.2603","10.5078","10.2419","","2.13%"
"10-03-2020","10.2603","9.8709","10.4820","9.8702","","3.95%"
"09-03-2020","9.8709","9.8914","9.9236","9.8606","","-0.21%"
"08-03-2020","9.8914","9.8914","9.8914","9.8914","","0.00%"
"06-03-2020","9.8914","9.7522","9.8944","9.6962","","1.43%"
"05-03-2020","9.7522","9.5675","9.7618","9.5193","","1.93%"
"04-03-2020","9.5675","9.4783","9.6051","9.4607","","0.94%"
"03-03-2020","9.4783","9.5435","9.5503","9.3898","","-0.68%"
"02-03-2020","9.5435","9.5654","9.6638","9.5053","","-0.23%"
"01-03-2020","9.5654","9.5654","9.5654","9.5654","","0.00%"
"28-02-2020","9.5654","9.4257","9.6860","9.4152","","1.48%"
"27-02-2020","9.4257","9.3229","9.4784","9.3229","","1.10%"
"26-02-2020","9.3229","9.3210","9.3627","9.2527","","0.02%"
"25-02-2020","9.3210","9.1126","9.3443","9.1126","","2.29%"
"24-02-2020","9.1126","9.1156","9.1156","9.0969","","-0.03%"
"23-02-2020","9.1156","9.1156","9.1156","9.1156","","0.00%"
"21-02-2020","9.1156","9.1420","9.1801","9.0959","","-0.29%"
"20-02-2020","9.1420","9.0838","9.1540","9.0477","","0.64%"
"19-02-2020","9.0838","9.1196","9.1196","9.0739","","-0.39%"
"18-02-2020","9.1196","9.0906","9.1667","9.0629","","0.32%"
"17-02-2020","9.0906","9.0964","9.1147","9.0570","","-0.06%"
"16-02-2020","9.0964","9.0964","9.0964","9.0964","","0.00%"
"14-02-2020","9.0964","9.1216","9.1216","9.0792","","-0.28%"
"13-02-2020","9.1216","9.0669","9.1339","9.0495","","0.60%"
"12-02-2020","9.0669","9.0979","9.1072","9.0261","","-0.34%"
"11-02-2020","9.0979","9.1824","9.2032","9.0800","","-0.92%"
"10-02-2020","9.1824","9.1566","9.2034","9.1203","","0.28%"
"09-02-2020","9.1566","9.1566","9.1566","9.1566","","0.00%"
"07-02-2020","9.1566","9.0878","9.1738","9.0572","","0.76%"
"06-02-2020","9.0878","9.0177","9.0996","8.9964","","0.78%"
"05-02-2020","9.0177","9.0175","9.0374","8.9689","","0.00%"
"04-02-2020","9.0175","9.0743","9.1133","8.9808","","-0.63%"
"03-02-2020","9.0743","9.2149","9.2149","9.0432","","-1.53%"
"02-02-2020","9.2149","9.2149","9.2149","9.2149","","0.00%"
"31-01-2020","9.2149","9.1220","9.2175","9.0927","","1.02%"
"30-01-2020","9.1220","9.0166","9.1550","9.0159","","1.17%"
"29-01-2020","9.0166","8.9788","9.0555","8.9788","","0.42%"
"28-01-2020","8.9788","9.0793","9.1010","8.9787","","-1.11%"
"27-01-2020","9.0793","8.9504","9.0954","8.9483","","1.44%"
"26-01-2020","8.9504","8.9504","8.9504","8.9504","","0.00%"
"24-01-2020","8.9504","8.9239","8.9767","8.8990","","0.30%"
"23-01-2020","8.9239","8.9536","8.9536","8.9181","","-0.33%"
"22-01-2020","8.9536","8.9605","8.9883","8.9435","","-0.08%"
"21-01-2020","8.9605","8.9641","8.9684","8.9203","","-0.04%"
"20-01-2020","8.9641","8.9737","8.9989","8.9572","","-0.11%"
"19-01-2020","8.9737","8.9737","8.9737","8.9737","","0.00%"
"17-01-2020","8.9737","8.9633","8.9899","8.9388","","0.12%"
"16-01-2020","8.9633","8.9149","8.9752","8.9118","","0.54%"
"15-01-2020","8.9149","8.9248","8.9543","8.9066","","-0.11%"
"14-01-2020","8.9248","8.8882","8.9362","8.8882","","0.41%"
"13-01-2020","8.8882","8.8239","8.9029","8.8239","","0.73%"
"12-01-2020","8.8239","8.8239","8.8239","8.8239","","0.00%"
"10-01-2020","8.8239","8.8408","8.8664","8.7996","","-0.19%"
"09-01-2020","8.8408","8.8169","8.8697","8.8169","","0.27%"
"08-01-2020","8.8169","8.9014","8.9274","8.7947","","-0.95%"
"07-01-2020","8.9014","8.8622","8.9185","8.8622","","0.44%"
"06-01-2020","8.8622","8.9142","8.9350","8.8525","","-0.58%"
"05-01-2020","8.9142","8.9142","8.9142","8.9142","","0.00%"
"03-01-2020","8.9142","8.9005","8.9205","8.8662","","0.15%"
"02-01-2020","8.9005","8.9020","8.9052","8.8883","","-0.02%"
"01-01-2020","8.9020","8.9020","8.9020","8.9020","","0.00%"
"31-12-2019","8.9020","8.8720","8.9084","8.8720","","0.34%"
"30-12-2019","8.8720","8.8673","8.8852","8.8244","","0.05%"
"29-12-2019","8.8673","8.8673","8.8673","8.8673","","0.00%"
"27-12-2019","8.8673","8.8921","8.8923","8.8301","","-0.28%"
"26-12-2019","8.8921","8.8490","8.8953","8.8117","","0.49%"
"25-12-2019","8.8490","8.8429","8.8620","8.8050","","0.07%"
"24-12-2019","8.8429","8.8793","8.8836","8.8350","","-0.41%"
"23-12-2019","8.8793","8.8862","8.8932","8.8612","","-0.08%"
"22-12-2019","8.8862","8.8862","8.8862","8.8862","","0.00%"
"20-12-2019","8.8862","8.9030","8.9079","8.8485","","-0.19%"
"19-12-2019","8.9030","8.9452","8.9553","8.8875","","-0.47%"
"18-12-2019","8.9452","8.9184","8.9526","8.9043","","0.30%"
"17-12-2019","8.9184","8.9286","8.9657","8.9123","","-0.11%"
"16-12-2019","8.9286","8.9938","8.9938","8.9219","","-0.73%"
"15-12-2019","8.9938","8.9938","8.9938","8.9938","","0.00%"
"13-12-2019","8.9938","8.9966","9.0276","8.9080","","-0.03%"
"12-12-2019","8.9966","8.9887","9.0134","8.9424","","0.09%"
"11-12-2019","8.9887","9.0275","9.0371","8.9887","","-0.43%"
"10-12-2019","9.0275","9.0329","9.0434","9.0218","","-0.06%"
"09-12-2019","9.0329","9.0624","9.0677","9.0279","","-0.33%"
"08-12-2019","9.0624","9.0624","9.0624","9.0624","","0.00%"
"06-12-2019","9.0624","9.0463","9.0788","9.0398","","0.18%"
"05-12-2019","9.0463","9.0700","9.0801","9.0452","","-0.26%"
"04-12-2019","9.0700","9.0848","9.0868","9.0509","","-0.16%"
"03-12-2019","9.0848","9.1166","9.1188","9.0758","","-0.35%"
"02-12-2019","9.1166","9.1461","9.1649","9.1153","","-0.32%"
"01-12-2019","9.1461","9.1461","9.1461","9.1461","","0.00%"
"29-11-2019","9.1461","9.1074","9.1492","9.1073","","0.43%"
"28-11-2019","9.1074","9.0997","9.1271","9.0966","","0.08%"
"27-11-2019","9.0997","9.0924","9.1198","9.0924","","0.08%"
"26-11-2019","9.0924","9.0868","9.1118","9.0868","","0.06%"
"25-11-2019","9.0868","9.0713","9.1043","9.0630","","0.17%"
"24-11-2019","9.0713","9.0713","9.0713","9.0713","","0.00%"
"22-11-2019","9.0713","9.0635","9.0759","9.0378","","0.09%"
"21-11-2019","9.0635","9.0819","9.0819","9.0576","","-0.20%"
"20-11-2019","9.0819","9.0812","9.1153","9.0666","","0.01%"
"19-11-2019","9.0812","9.0844","9.0943","9.0620","","-0.04%"
"18-11-2019","9.0845","9.0982","9.1093","9.0758","","-0.15%"
"17-11-2019","9.0982","9.0982","9.0982","9.0982","","0.00%"
"15-11-2019","9.0982","9.1133","9.1404","9.0908","","-0.17%"
"14-11-2019","9.1133","9.1615","9.1689","9.1133","","-0.53%"
"13-11-2019","9.1615","9.1650","9.1851","9.1402","","-0.04%"
"12-11-2019","9.1650","9.1130","9.1718","9.1130","","0.57%"
"11-11-2019","9.1130","9.1201","9.1289","9.1030","","-0.08%"
"10-11-2019","9.1201","9.1201","9.1201","9.1201","","0.00%"
"08-11-2019","9.1201","9.1036","9.1476","9.0908","","0.18%"
"07-11-2019","9.1036","9.1271","9.1525","9.0828","","-0.26%"
"06-11-2019","9.1271","9.0581","9.1485","9.0581","","0.76%"
"05-11-2019","9.0581","9.0357","9.0841","9.0247","","0.25%"
"04-11-2019","9.0357","9.0266","9.0444","9.0266","","0.10%"
"03-11-2019","9.0266","9.0266","9.0266","9.0266","","0.00%"
"01-11-2019","9.0266","9.1104","9.1104","9.0056","","-0.92%"
"31-10-2019","9.1104","9.0504","9.1170","9.0504","","0.66%"
"30-10-2019","9.0504","9.0502","9.0908","9.0366","","0.00%"
"29-10-2019","9.0502","9.0201","9.0622","9.0201","","0.33%"
"28-10-2019","9.0201","9.0390","9.0545","8.9961","","-0.21%"
"27-10-2019","9.0390","9.0390","9.0390","9.0390","","0.00%"
"25-10-2019","9.0390","9.0634","9.0676","9.0049","","-0.27%"
"24-10-2019","9.0634","9.0485","9.0730","9.0249","","0.16%"
"23-10-2019","9.0485","9.0051","9.0509","8.9933","","0.48%"
"22-10-2019","9.0051","9.0041","9.0121","8.9817","","0.01%"
"21-10-2019","9.0041","9.0042","9.0266","8.9970","","0.00%"
"20-10-2019","9.0042","9.0042","9.0042","9.0042","","0.00%"
"18-10-2019","9.0042","9.0595","9.0726","9.0042","","-0.61%"
"17-10-2019","9.0595","9.0332","9.0739","9.0126","","0.29%"
"16-10-2019","9.0332","9.0761","9.0790","9.0310","","-0.47%"
"15-10-2019","9.0761","9.0973","9.1152","9.0663","","-0.23%"
"14-10-2019","9.0973","9.0607","9.1215","9.0607","","0.40%"
"13-10-2019","9.0607","9.0607","9.0607","9.0607","","0.00%"
"11-10-2019","9.0607","9.0579","9.0876","9.0202","","0.03%"
"10-10-2019","9.0579","9.0978","9.1343","9.0514","","-0.44%"
"09-10-2019","9.0978","9.1261","9.1310","9.0900","","-0.31%"
"08-10-2019","9.1261","9.0874","9.1433","9.0874","","0.43%"
"07-10-2019","9.0874","9.0411","9.0893","9.0391","","0.51%"
"06-10-2019","9.0411","9.0411","9.0411","9.0411","","0.00%"
"04-10-2019","9.0411","9.1114","9.1114","9.0302","","-0.77%"
"03-10-2019","9.1114","9.1214","9.1428","9.0978","","-0.11%"
"02-10-2019","9.1214","9.1300","9.1709","9.0989","","-0.09%"
"01-10-2019","9.1300","9.0730","9.1537","9.0730","","0.63%"
"30-09-2019","9.0730","9.0813","9.1002","9.0549","","-0.09%"
"29-09-2019","9.0813","9.0813","9.0813","9.0813","","0.00%"
"27-09-2019","9.0813","9.0027","9.0847","8.9955","","0.87%"
"26-09-2019","9.0027","8.9951","9.0279","8.9945","","0.09%"
"25-09-2019","8.9951","8.9919","9.0397","8.9845","","0.03%"
"24-09-2019","8.9919","8.9692","8.9933","8.9503","","0.25%"
"23-09-2019","8.9692","9.0276","9.0276","8.9641","","-0.65%"
"22-09-2019","9.0276","9.0276","9.0276","9.0276","","0.00%"
"20-09-2019","9.0276","9.0149","9.0362","8.9898","","0.14%"
"19-09-2019","9.0149","9.0549","9.0549","8.9944","","-0.44%"
"18-09-2019","9.0549","9.0759","9.0989","9.0513","","-0.23%"
"17-09-2019","9.0759","9.0614","9.0894","9.0270","","0.16%"
"16-09-2019","9.0614","9.0884","9.1041","9.0052","","-0.30%"
"15-09-2019","9.0884","9.0884","9.0884","9.0884","","0.00%"
"13-09-2019","9.0884","9.1414","9.1414","9.0621","","-0.58%"
"12-09-2019","9.1414","9.2024","9.2465","9.1392","","-0.66%"
"11-09-2019","9.2024","9.1982","9.2223","9.1750","","0.05%"
"10-09-2019","9.1982","9.2017","9.2259","9.1745","","-0.04%"
"09-09-2019","9.2017","9.2372","9.2372","9.1718","","-0.38%"
"08-09-2019","9.2372","9.2372","9.2372","9.2372","","0.00%"
"06-09-2019","9.2372","9.2654","9.2974","9.2156","","-0.31%"
"05-09-2019","9.2654","9.2675","9.2960","9.2107","","-0.02%"
"04-09-2019","9.2675","9.3008","9.3234","9.2474","","-0.36%"
"03-09-2019","9.3008","9.3137","9.3498","9.2980","","-0.14%"
"02-09-2019","9.3137","9.3290","9.3290","9.2846","","-0.16%"
"01-09-2019","9.3290","9.3290","9.3290","9.3290","","0.00%"
"30-08-2019","9.3290","9.3179","9.3386","9.2763","","0.12%"
"29-08-2019","9.3179","9.3196","9.3405","9.2983","","-0.02%"
"28-08-2019","9.3196","9.2757","9.3443","9.2650","","0.47%"
"27-08-2019","9.2757","9.2374","9.3108","9.2208","","0.41%"
"26-08-2019","9.2374","9.3008","9.3008","9.2141","","-0.68%"
"25-08-2019","9.3008","9.3008","9.3008","9.3008","","0.00%"
"23-08-2019","9.3008","9.2619","9.3267","9.2425","","0.42%"
"22-08-2019","9.2619","9.3094","9.3150","9.2442","","-0.51%"
"21-08-2019","9.3094","9.4251","9.4351","9.2953","","-1.23%"
"20-08-2019","9.4251","9.4882","9.4898","9.4092","","-0.66%"
"19-08-2019","9.4882","9.4444","9.5084","9.4045","","0.46%"
"18-08-2019","9.4444","9.4444","9.4444","9.4444","","0.00%"
"16-08-2019","9.4444","9.3906","9.4505","9.3555","","0.57%"
"15-08-2019","9.3906","9.4033","9.4511","9.3534","","-0.13%"
"14-08-2019","9.4033","9.2158","9.4107","9.2158","","2.03%"
"13-08-2019","9.2158","9.2678","9.3189","9.1998","","-0.56%"
"12-08-2019","9.2678","9.2435","9.3056","9.2388","","0.26%"
"11-08-2019","9.2435","9.2435","9.2435","9.2435","","0.00%"
"09-08-2019","9.2435","9.2324","9.2812","9.2237","","0.12%"
"08-08-2019","9.2324","9.2524","9.2846","9.2311","","-0.22%"
"07-08-2019","9.2524","9.2895","9.2994","9.2197","","-0.40%"
"06-08-2019","9.2895","9.2925","9.3219","9.2568","","-0.03%"
"05-08-2019","9.2925","9.4044","9.4044","9.2076","","-1.19%"
"04-08-2019","9.4044","9.4044","9.4044","9.4044","","0.00%"
"02-08-2019","9.4044","9.3282","9.4274","9.2590","","0.82%"
"01-08-2019","9.3282","9.2427","9.3318","9.2147","","0.92%"
"31-07-2019","9.2427","9.2246","9.2641","9.1888","","0.20%"
"30-07-2019","9.2246","9.2024","9.2563","9.1907","","0.24%"
"29-07-2019","9.2024","9.2114","9.2369","9.1894","","-0.10%"
"28-07-2019","9.2114","9.2114","9.2114","9.2114","","0.00%"
"26-07-2019","9.2114","9.2009","9.2291","9.1675","","0.11%"
"25-07-2019","9.2009","9.2097","9.2118","9.1520","","-0.10%"
"24-07-2019","9.2097","9.1814","9.2113","9.1644","","0.31%"
"23-07-2019","9.1814","9.1694","9.2055","9.1653","","0.13%"
"22-07-2019","9.1694","9.1584","9.1738","9.1464","","0.12%"
"21-07-2019","9.1584","9.1584","9.1584","9.1584","","0.00%"
"19-07-2019","9.1584","9.1291","9.1670","9.1291","","0.32%"
"18-07-2019","9.1291","9.1560","9.1761","9.1270","","-0.29%"
"17-07-2019","9.1560","9.1677","9.1677","9.1241","","-0.13%"
"16-07-2019","9.1677","9.1109","9.1731","9.1109","","0.62%"
"15-07-2019","9.1109","9.1487","9.1635","9.0995","","-0.41%"
"14-07-2019","9.1487","9.1487","9.1487","9.1487","","0.00%"
"12-07-2019","9.1487","9.1433","9.1825","9.1347","","0.06%"
"11-07-2019","9.1433","9.1920","9.2104","9.1365","","-0.53%"
"10-07-2019","9.1920","9.2772","9.2832","9.1842","","-0.92%"
"09-07-2019","9.2772","9.2537","9.2823","9.2473","","0.25%"
"08-07-2019","9.2537","9.2573","9.2832","9.2267","","-0.04%"
"07-07-2019","9.2573","9.2573","9.2573","9.2573","","0.00%"
"05-07-2019","9.2573","9.2376","9.2639","9.2257","","0.21%"
"04-07-2019","9.2376","9.2022","9.2428","9.2022","","0.38%"
"03-07-2019","9.2022","9.2117","9.2492","9.1873","","-0.10%"
"02-07-2019","9.2117","9.1909","9.2210","9.1711","","0.23%"
"01-07-2019","9.1909","9.2081","9.2502","9.1741","","-0.19%"
"30-06-2019","9.2081","9.2081","9.2081","9.2081","","0.00%"
"28-06-2019","9.2081","9.1723","9.2141","9.1503","","0.39%"
"27-06-2019","9.1723","9.1657","9.1816","9.1504","","0.07%"
"26-06-2019","9.1657","9.1371","9.1957","9.1149","","0.31%"
"25-06-2019","9.1371","9.1005","9.1599","9.0817","","0.40%"
"24-06-2019","9.1005","9.1714","9.1751","9.1005","","-0.77%"
"23-06-2019","9.1714","9.1714","9.1714","9.1714","","0.00%"
"21-06-2019","9.1714","9.1813","9.2410","9.1540","","-0.11%"
"20-06-2019","9.1813","9.2384","9.2952","9.1760","","-0.62%"
"19-06-2019","9.2384","9.2747","9.2797","9.2293","","-0.39%"
"18-06-2019","9.2747","9.2869","9.2925","9.2379","","-0.13%"
"17-06-2019","9.2869","9.2977","9.3019","9.2625","","-0.12%"
"16-06-2019","9.2977","9.2977","9.2977","9.2977","","0.00%"
"14-06-2019","9.2977","9.3302","9.3304","9.2754","","-0.35%"
"13-06-2019","9.3302","9.3324","9.3499","9.3188","","-0.02%"
"12-06-2019","9.3324","9.3409","9.3429","9.3263","","-0.09%"
"11-06-2019","9.3409","9.3465","9.3679","9.3219","","-0.06%"
"10-06-2019","9.3465","9.3883","9.3883","9.3248","","-0.45%"
"09-06-2019","9.3883","9.3883","9.3883","9.3883","","0.00%"
"07-06-2019","9.3883","9.4194","9.4280","9.3728","","-0.33%"
"06-06-2019","9.4194","9.4625","9.4625","9.4090","","-0.46%"
"05-06-2019","9.4625","9.4319","9.4638","9.4068","","0.32%"
"04-06-2019","9.4319","9.4651","9.4722","9.4095","","-0.35%"
"03-06-2019","9.4651","9.4758","9.4952","9.4374","","-0.11%"
"02-06-2019","9.4758","9.4758","9.4758","9.4758","","0.00%"
"31-05-2019","9.4758","9.4451","9.5008","9.4287","","0.33%"
"30-05-2019","9.4451","9.3956","9.4462","9.3950","","0.53%"
"29-05-2019","9.3956","9.3642","9.4595","9.3538","","0.34%"
"28-05-2019","9.3642","9.3446","9.3702","9.3302","","0.21%"
"27-05-2019","9.3446","9.3447","9.3668","9.3313","","0.00%"
"26-05-2019","9.3447","9.3447","9.3447","9.3447","","0.00%"
"24-05-2019","9.3447","9.3842","9.3947","9.3342","","-0.42%"
"23-05-2019","9.3842","9.3229","9.3912","9.3071","","0.66%"
"22-05-2019","9.3229","9.3333","9.3336","9.2960","","-0.11%"
"21-05-2019","9.3333","9.3350","9.3538","9.3266","","-0.02%"
"20-05-2019","9.3350","9.3614","9.3857","9.3205","","-0.28%"
"19-05-2019","9.3614","9.3614","9.3614","9.3614","","0.00%"
"17-05-2019","9.3614","9.3875","9.3875","9.3374","","-0.28%"
"16-05-2019","9.3875","9.4026","9.4047","9.3584","","-0.16%"
"15-05-2019","9.4026","9.4452","9.4607","9.3791","","-0.45%"
"14-05-2019","9.4452","9.5121","9.5306","9.4332","","-0.70%"
"13-05-2019","9.5121","9.5403","9.5514","9.4820","","-0.30%"
"12-05-2019","9.5403","9.5403","9.5403","9.5403","","0.00%"
"10-05-2019","9.5403","9.5305","9.5902","9.5304","","0.10%"
"09-05-2019","9.5305","9.5931","9.5931","9.5269","","-0.65%"
"08-05-2019","9.5931","9.6500","9.6642","9.5717","","-0.59%"
"07-05-2019","9.6500","9.6420","9.6581","9.6087","","0.08%"
"06-05-2019","9.6420","9.6647","9.6647","9.5751","","-0.23%"
"05-05-2019","9.6647","9.6647","9.6647","9.6647","","0.00%"
"03-05-2019","9.6647","9.7165","9.7399","9.6549","","-0.53%"
"02-05-2019","9.7165","9.5974","9.7339","9.5956","","1.24%"
"01-05-2019","9.5974","9.5974","9.5974","9.5974","","0.00%"
"30-04-2019","9.5974","9.5748","9.6274","9.5547","","0.24%"
"29-04-2019","9.5748","9.6190","9.6220","9.5669","","-0.46%"
"28-04-2019","9.6190","9.6190","9.6190","9.6190","","0.00%"
"26-04-2019","9.6190","9.5886","9.6385","9.5886","","0.32%"
"25-04-2019","9.5886","9.5718","9.6291","9.5534","","0.18%"
"24-04-2019","9.5718","9.4687","9.5944","9.4687","","1.09%"
"23-04-2019","9.4687","9.5065","9.5107","9.4649","","-0.40%"
"22-04-2019","9.5065","9.5540","9.5546","9.4960","","-0.50%"
"21-04-2019","9.5540","9.5540","9.5540","9.5540","","0.00%"
"19-04-2019","9.5540","9.5235","9.5571","9.5235","","0.32%"
"18-04-2019","9.5235","9.5480","9.5698","9.5222","","-0.26%"
"17-04-2019","9.5480","9.5505","9.5798","9.5394","","-0.03%"
"16-04-2019","9.5505","9.5797","9.6019","9.5472","","-0.30%"
"15-04-2019","9.5797","9.5981","9.5981","9.5709","","-0.19%"
"14-04-2019","9.5981","9.5981","9.5981","9.5981","","0.00%"
"12-04-2019","9.5981","9.6154","9.6208","9.5623","","-0.18%"
"11-04-2019","9.6154","9.5775","9.6291","9.5749","","0.40%"
"10-04-2019","9.5775","9.6699","9.6719","9.5622","","-0.95%"
"09-04-2019","9.6699","9.6598","9.6758","9.6340","","0.10%"
"08-04-2019","9.6598","9.7256","9.7388","9.6506","","-0.68%"
"07-04-2019","9.7256","9.7256","9.7256","9.7256","","0.00%"
"05-04-2019","9.7256","9.7478","9.7478","9.7001","","-0.23%"
"04-04-2019","9.7478","9.7201","9.7651","9.7100","","0.28%"
"03-04-2019","9.7201","9.7124","9.7471","9.6994","","0.08%"
"02-04-2019","9.7124","9.7115","9.7504","9.6974","","0.01%"
"01-04-2019","9.7115","9.7785","9.7947","9.7082","","-0.69%"
"31-03-2019","9.7785","9.7785","9.7785","9.7785","","0.00%"
"29-03-2019","9.7785","9.6361","9.7944","9.6203","","1.48%"
"28-03-2019","9.6361","9.6369","9.6881","9.6187","","-0.01%"
"27-03-2019","9.6369","9.5883","9.6581","9.5854","","0.51%"
"26-03-2019","9.5883","9.5509","9.6005","9.5400","","0.39%"
"25-03-2019","9.5509","9.6249","9.6377","9.5325","","-0.77%"
"24-03-2019","9.6249","9.6249","9.6249","9.6249","","0.00%"
"22-03-2019","9.6249","9.5337","9.6487","9.5061","","0.96%"
"21-03-2019","9.5337","9.5387","9.5749","9.5116","","-0.05%"
"20-03-2019","9.5387","9.5918","9.6167","9.5114","","-0.55%"
"19-03-2019","9.5918","9.5881","9.6211","9.5589","","0.04%"
"18-03-2019","9.5881","9.6530","9.6579","9.5570","","-0.67%"
"17-03-2019","9.6530","9.6530","9.6530","9.6530","","0.00%"
"15-03-2019","9.6530","9.7448","9.7535","9.6527","","-0.94%"
"14-03-2019","9.7448","9.7498","9.7565","9.7211","","-0.05%"
"13-03-2019","9.7498","9.7821","9.7877","9.7408","","-0.33%"
"12-03-2019","9.7821","9.8082","9.8301","9.7714","","-0.27%"
"11-03-2019","9.8082","9.8611","9.8651","9.8024","","-0.54%"
"10-03-2019","9.8611","9.8611","9.8611","9.8611","","0.00%"
"08-03-2019","9.8611","9.8709","9.8709","9.8540","","-0.10%"
"07-03-2019","9.8709","9.8296","9.8732","9.8125","","0.42%"
"06-03-2019","9.8296","9.8042","9.8366","9.7888","","0.26%"
"05-03-2019","9.8042","9.8011","9.8239","9.8011","","0.03%"
"04-03-2019","9.8011","9.8319","9.8589","9.7898","","-0.31%"
"03-03-2019","9.8319","9.8319","9.8319","9.8319","","0.00%"
"01-03-2019","9.8319","9.8467","9.8467","9.7871","","-0.15%"
"28-02-2019","9.8467","9.8382","9.8646","9.8264","","0.09%"
"27-02-2019","9.8382","9.8057","9.8723","9.8057","","0.33%"
"26-02-2019","9.8057","9.7909","9.8400","9.7684","","0.15%"
"25-02-2019","9.7909","9.7386","9.8112","9.7376","","0.54%"
"24-02-2019","9.7386","9.7386","9.7386","9.7386","","0.00%"
"22-02-2019","9.7386","9.7584","9.7680","9.7273","","-0.20%"
"21-02-2019","9.7584","9.7650","9.8083","9.7292","","-0.07%"
"20-02-2019","9.7650","9.7307","9.8079","9.7307","","0.35%"
"19-02-2019","9.7307","9.7943","9.7952","9.7273","","-0.65%"
"18-02-2019","9.7943","9.7902","9.8192","9.7695","","0.04%"
"17-02-2019","9.7902","9.7902","9.7902","9.7902","","0.00%"
"15-02-2019","9.7902","9.8420","9.8596","9.7892","","-0.53%"
"14-02-2019","9.8420","9.8387","9.9166","9.8037","","0.03%"
"13-02-2019","9.8387","9.7252","9.8394","9.7068","","1.17%"
"12-02-2019","9.7252","9.6936","9.7664","9.6754","","0.33%"
"11-02-2019","9.6936","9.7547","9.7552","9.6532","","-0.63%"
"10-02-2019","9.7547","9.7547","9.7547","9.7547","","0.00%"
"08-02-2019","9.7547","9.7731","9.8001","9.7352","","-0.19%"
"07-02-2019","9.7731","9.7660","9.8073","9.7656","","0.07%"
"06-02-2019","9.7660","9.7294","9.7733","9.7289","","0.38%"
"05-02-2019","9.7294","9.7244","9.7319","9.7005","","0.05%"
"04-02-2019","9.7244","9.7119","9.7440","9.7118","","0.13%"
"03-02-2019","9.7119","9.7119","9.7119","9.7119","","0.00%"
"01-02-2019","9.7119","9.7616","9.7616","9.6929","","-0.51%"
"31-01-2019","9.7616","9.7529","9.8031","9.7122","","0.09%"
"30-01-2019","9.7529","9.8112","9.8534","9.7374","","-0.59%"
"29-01-2019","9.8112","9.8237","9.8637","9.7997","","-0.13%"
"28-01-2019","9.8237","9.7808","9.8361","9.7687","","0.44%"
"27-01-2019","9.7808","9.7808","9.7808","9.7808","","0.00%"
"25-01-2019","9.7808","9.6875","9.8035","9.6839","","0.96%"
"24-01-2019","9.6875","9.7292","9.7516","9.6768","","-0.43%"
"23-01-2019","9.7292","9.7729","9.8113","9.7229","","-0.45%"
"22-01-2019","9.7729","9.7658","9.7882","9.7534","","0.07%"
"21-01-2019","9.7658","9.7762","9.7877","9.7545","","-0.11%"
"20-01-2019","9.7762","9.7762","9.7762","9.7762","","0.00%"
"18-01-2019","9.7762","9.7936","9.8139","9.7560","","-0.18%"
"17-01-2019","9.7936","9.8231","9.8403","9.7796","","-0.30%"
"16-01-2019","9.8231","9.9038","9.9041","9.8066","","-0.82%"
"15-01-2019","9.9038","9.9109","9.9426","9.8941","","-0.07%"
"14-01-2019","9.9109","9.8911","9.9452","9.8805","","0.20%"
"13-01-2019","9.8911","9.8916","9.8916","9.8910","","0.00%"
"11-01-2019","9.8916","9.8564","9.9452","9.8542","","0.36%"
"10-01-2019","9.8564","9.7897","9.9202","9.7821","","0.68%"
"09-01-2019","9.7897","9.7619","9.8338","9.7618","","0.29%"
"08-01-2019","9.7619","9.8871","9.8970","9.7391","","-1.27%"
"07-01-2019","9.8871","9.8607","9.8899","9.8588","","0.27%"
"06-01-2019","9.8607","9.8607","9.8607","9.8607","","0.00%"
"04-01-2019","9.8607","9.9908","10.0065","9.8307","","-1.30%"
"03-01-2019","9.9908","10.1765","10.1765","9.9735","","-1.82%"
"02-01-2019","10.1765","10.1522","10.1966","10.1522","","0.24%"
"01-01-2019","10.1522","10.1521","10.1523","10.1521","","0.00%"